project_name,project_link,version_name,commit,timestamp
Dbeaver,https://github.com/dbeaver/dbeaver,21.1.4,"Commit(sha=""113a0a672f277a6e8181757a0c54f92d42f98ef9"")",29/7/2021 11:08
Dbeaver,https://github.com/dbeaver/dbeaver,21.1.3,"Commit(sha=""4430459a3fe06c6140aa40b71ddc41ddf8af968b"")",15/7/2021 8:06
Dbeaver,https://github.com/dbeaver/dbeaver,21.1.2,"Commit(sha=""b0693d44048a9c50e750b6df69cfe83fcb21fd7e"")",2/7/2021 13:34
Dbeaver,https://github.com/dbeaver/dbeaver,21.1.1,"Commit(sha=""073dfc26c7a065f5d5abf18be8cce8258a9aaa71"")",18/6/2021 13:50
Dbeaver,https://github.com/dbeaver/dbeaver,21.1.0,"Commit(sha=""17ce2d14317b1160ec9480da549028d1827e1277"")",28/5/2021 5:16
Dbeaver,https://github.com/dbeaver/dbeaver,21.0.5,"Commit(sha=""6176d108f6cea5e290f6913550f1c21563ea3d7c"")",14/5/2021 14:25
Dbeaver,https://github.com/dbeaver/dbeaver,21.0.4,"Commit(sha=""3193b6d4ad7a60c02c227ee7531e0a3d4a68cb06"")",2/5/2021 15:13
Dbeaver,https://github.com/dbeaver/dbeaver,21.0.3,"Commit(sha=""c5f672c865bdfacb6e243f0bf7821a691f700ca4"")",17/4/2021 15:22
Dbeaver,https://github.com/dbeaver/dbeaver,21.0.2,"Commit(sha=""cab215bccefba49956e7a1ec1878a810d151712b"")",4/4/2021 20:23
Dbeaver,https://github.com/dbeaver/dbeaver,21.0.1,"Commit(sha=""8cff034373319ebb496de5ca6dff7e5ba619aa7a"")",18/3/2021 10:44
Dbeaver,https://github.com/dbeaver/dbeaver,21.0.0,"Commit(sha=""d66ab71ec1d8b3c92bf6eca92f7c01b1ce3c0579"")",28/2/2021 8:19
Dbeaver,https://github.com/dbeaver/dbeaver,7.3.5,"Commit(sha=""ff65bc267ff4c7441cde1fbdc756c5c1aeb2dc4d"")",13/2/2021 14:39
Camel,https://github.com/apache/camel,camel-3.11.1,"Commit(sha=""18eaa8b9b8cc5795fcf6c886f3cf3931b9058ae8"")",1/8/2021 17:19
Camel,https://github.com/apache/camel,camel-3.11.0,"Commit(sha=""e102036b43100f4b82276013af0414e2008982c4"")",23/6/2021 10:33
Camel,https://github.com/apache/camel,camel-3.10.0,"Commit(sha=""545627aaf16cc13ce72c09e2e2b10d94f7bc8f98"")",15/5/2021 21:24
Camel,https://github.com/apache/camel,camel-3.9.0,"Commit(sha=""2fe5d10943c250b6d1431d7b1346498e505be303"")",22/3/2021 18:38
Camel,https://github.com/apache/camel,camel-3.8.0,"Commit(sha=""1541a742d1fa2633ee2251eeea72904f3447c8f5"")",9/2/2021 15:42
Camel,https://github.com/apache/camel,camel-3.7.5,"Commit(sha=""9cc895584aebabf8413f3b9598815a8ddd85657f"")",6/7/2021 10:07
Camel,https://github.com/apache/camel,camel-3.7.4,"Commit(sha=""f5cba202e7ec360594bec02cc0b783439d6994ca"")",28/4/2021 11:09
Camel,https://github.com/apache/camel,camel-3.7.3,"Commit(sha=""835cd243c525f28bf84c9945f9ca80bf7725705d"")",5/3/2021 12:52
Camel,https://github.com/apache/camel,camel-3.7.2,"Commit(sha=""d8b21a6a3557cd1e5822ddea88115521a53081a6"")",4/2/2021 12:38
Camel,https://github.com/apache/camel,camel-3.7.1,"Commit(sha=""3af6af224c3dbaf1970903c9932ca2165ef0b173"")",17/1/2021 12:16
Camel,https://github.com/apache/camel,camel-3.7.0,"Commit(sha=""996f224e95664deafa3a3e4345568e63ae3ba667"")",11/12/2020 12:10
Camel,https://github.com/apache/camel,camel-3.6.0,"Commit(sha=""29e1fe28ffabeccea29ad4246f10ba793f490150"")",15/10/2020 21:16
Redisson,https://github.com/redisson/redisson,redisson-parent-3.11.6,"Commit(sha=""db0bbcca0abd8d5eec57552a5d8729d858c99276"")",28/11/2019 10:08
Redisson,https://github.com/redisson/redisson,redisson-parent-3.0.1,"Commit(sha=""094f8a7c3ddcc9e2a88f3993bad8c2d31f30388c"")",27/10/2016 12:59
Redisson,https://github.com/redisson/redisson,redisson-parent-3.0.0,"Commit(sha=""179df9d730d00cd6ecfe7907f4b5c81b5d50c2d7"")",17/10/2016 10:37
Redisson,https://github.com/redisson/redisson,redisson-parent-2.5.1,"Commit(sha=""edad3c52bb816dd9a4384a4ebfef106ac00b761a"")",27/10/2016 12:27
Redisson,https://github.com/redisson/redisson,redisson-parent-2.5.0,"Commit(sha=""c7fa9dc988d50a784eb6b59e906e59965b9af7ba"")",17/10/2016 9:35
Redisson,https://github.com/redisson/redisson,redisson-parent-2.4.0,"Commit(sha=""dba6b56a31e55495fc81163a7f474b26b3e46f4d"")",27/9/2016 12:47
Redisson,https://github.com/redisson/redisson,redisson-parent-2.3.0,"Commit(sha=""651cd907fc2a2aff6e07af4613afc36ebb0110b2"")",24/8/2016 12:11
Redisson,https://github.com/redisson/redisson,redisson-parent-0.9.0,"Commit(sha=""b3d5f49a8d7ce8122529d5f8fa3aa2ad7522ef92"")",10/8/2016 7:51
Redisson,https://github.com/redisson/redisson,redisson-3.16.1,"Commit(sha=""08a06a7693a31bca7b66f396ba6555cbd9d63a49"")",26/7/2021 9:14
Redisson,https://github.com/redisson/redisson,redisson-3.16.0,"Commit(sha=""592e88966590e45f8b67cb34dccd41689a00c8cf"")",28/6/2021 8:29
Redisson,https://github.com/redisson/redisson,redisson-3.15.6,"Commit(sha=""ed52098cb4a2e5d854aeef703d90aa8a1186c156"")",7/6/2021 7:46
Redisson,https://github.com/redisson/redisson,redisson-3.15.5,"Commit(sha=""dd999217a18441ceb97df3cc1a76bc15da4c7fba"")",12/5/2021 9:51
Cxf,https://github.com/apache/cxf,cxf-3.4.4,"Commit(sha=""ae291a8edb1dc9321f664eb3fe75c7c7e352b66a"")",4/6/2021 17:38
Cxf,https://github.com/apache/cxf,cxf-3.4.3,"Commit(sha=""1a3950c164cabef352bc51c61f30612f05bc38f2"")",15/3/2021 19:51
Cxf,https://github.com/apache/cxf,cxf-3.4.2,"Commit(sha=""7a224e9a09aebccc0ae1cd584a96d9cbe1f42dac"")",23/12/2020 18:47
Cxf,https://github.com/apache/cxf,cxf-3.4.1,"Commit(sha=""e6bb26fed1cfa8d73b13f48f15a420be89dd7c41"")",3/11/2020 19:20
Cxf,https://github.com/apache/cxf,cxf-3.4.0,"Commit(sha=""dd0feaaeee9a9a8e7ffb060f0cf46ef06b6b3d44"")",20/8/2020 14:30
Cxf,https://github.com/apache/cxf,cxf-3.3.11,"Commit(sha=""ebd2fa22dba0864c07f58cc43c5bfb1284e04259"")",4/6/2021 18:30
Cxf,https://github.com/apache/cxf,cxf-3.3.10,"Commit(sha=""2626b3ca26822763d334cf96b78b206a781bcc2e"")",15/3/2021 19:19
Cxf,https://github.com/apache/cxf,cxf-3.3.9,"Commit(sha=""b03b08cadbf4d2cad2dd24718d3844d5db698361"")",23/12/2020 18:01
Cxf,https://github.com/apache/cxf,cxf-3.3.8,"Commit(sha=""c8a3418e922a81bb5211de915a39d3987f84b27e"")",3/11/2020 17:27
Cxf,https://github.com/apache/cxf,cxf-3.3.7,"Commit(sha=""cb88e19d80fb1fc0f2d8b1f22a2b17dbb812cfcc"")",23/6/2020 19:46
Cxf,https://github.com/apache/cxf,cxf-3.3.6,"Commit(sha=""92d34cab5f11a74908294c2953fc4f42c8366a90"")",25/3/2020 16:02
Cxf,https://github.com/apache/cxf,cxf-3.3.5,"Commit(sha=""c2c912024f22d498e343bbd52e57a65f3fd4a1b8"")",10/1/2020 18:53
Hadoop,https://github.com/apache/hadoop,submarine-0.2.0-RC0,"Commit(sha=""4c49cae231beb7859d34c2171eb24d1fd5d51c4e"")",5/6/2019 2:44
Hadoop,https://github.com/apache/hadoop,remove-ozone,"Commit(sha=""9f0610fb83ae064e2e2c854fb2e9c9dc4cbc1646"")",24/10/2019 14:43
Hadoop,https://github.com/apache/hadoop,release-3.3.1-RC3,"Commit(sha=""a3b9c37a397ad4188041dd80621bdeefc46885f2"")",1/6/2021 8:37
Hadoop,https://github.com/apache/hadoop,release-3.3.1-RC2,"Commit(sha=""b2d1449986bd935f27f8472d02442980bbecd26b"")",1/6/2021 3:34
Hadoop,https://github.com/apache/hadoop,release-3.3.1-RC1,"Commit(sha=""1aaec6944ea6efa41b294c39748397f36b6caad0"")",24/5/2021 10:19
Hadoop,https://github.com/apache/hadoop,release-3.3.1-RC0,"Commit(sha=""4a0b8c92f599553a93a39071d287bb2cc3d1a19d"")",19/5/2021 13:56
Hadoop,https://github.com/apache/hadoop,release-3.3.0-RC0,"Commit(sha=""aa96f1871bfd858f9bac59cf2a81ec470da649af"")",6/7/2020 17:54
Hadoop,https://github.com/apache/hadoop,release-3.2.2-RC5,"Commit(sha=""7a3bc90b05f257c8ace2f76d74264906f0f7a932"")",3/1/2021 8:25
Hadoop,https://github.com/apache/hadoop,release-3.2.2-RC4,"Commit(sha=""6d8b801b667fced5414e92dff53e540214f9c9ea"")",7/12/2020 23:49
Hadoop,https://github.com/apache/hadoop,release-3.2.2-RC3,"Commit(sha=""922f7462d15e31d1bcc1cdfbc0298c3da4aa143b"")",23/11/2020 17:22
Hadoop,https://github.com/apache/hadoop,release-3.2.2-RC2,"Commit(sha=""6bee816740e3060a072772057f7a4715ec770d75"")",4/11/2020 3:58
Hadoop,https://github.com/apache/hadoop,release-3.2.2-RC1,"Commit(sha=""fe53f581842b86dee0f5d864085e7368af3e0222"")",29/10/2020 23:17
Alluxio,https://github.com/Alluxio/alluxio,v2.6.1,"Commit(sha=""4f1d962767c5f4c37d572b4ce3f1e07cc357474a"")",4/8/2021 22:21
Alluxio,https://github.com/Alluxio/alluxio,v2.6.0,"Commit(sha=""64d3b6b67d991aab9d73cc5729e577a20555ee8e"")",17/6/2021 0:34
Alluxio,https://github.com/Alluxio/alluxio,v2.6.0-RC2,"Commit(sha=""7f2abb5eb40b5a013e39ecbe1eac77cddca50a5b"")",15/6/2021 18:06
Alluxio,https://github.com/Alluxio/alluxio,v2.6.0-RC1,"Commit(sha=""dba693f9275472226f775d030285105987338101"")",8/6/2021 3:04
Alluxio,https://github.com/Alluxio/alluxio,v2.6.0-RC0,"Commit(sha=""906afe49e4f73eb685ecd37c9c80ae84393cbd2d"")",29/5/2021 1:19
Alluxio,https://github.com/Alluxio/alluxio,v2.5.0,"Commit(sha=""76569bcd1cc06c004884e03ffe330ccba2648818"")",13/3/2021 0:03
Alluxio,https://github.com/Alluxio/alluxio,v2.5.0-RC2,"Commit(sha=""cfd7b43ad56fe585711881b207a842832a58cbc8"")",4/3/2021 5:10
Alluxio,https://github.com/Alluxio/alluxio,v2.5.0-RC1,"Commit(sha=""731e09332e8e8be1131fd00262e58a726f2d114d"")",26/2/2021 3:39
Alluxio,https://github.com/Alluxio/alluxio,v2.5.0-RC0,"Commit(sha=""e20478ff850c672072535434cc883eb25f4755ec"")",20/2/2021 4:37
Alluxio,https://github.com/Alluxio/alluxio,v2.5.0-3,"Commit(sha=""3f5597a9e7a8c47be0ae574d291ab4388036372d"")",27/1/2021 21:05
Alluxio,https://github.com/Alluxio/alluxio,v2.5.0-2,"Commit(sha=""52ad95ca6b6af5c19a73a48f01a15db9d81ea38c"")",27/1/2021 21:05
Alluxio,https://github.com/Alluxio/alluxio,v2.5.0-1,"Commit(sha=""cb60e05b5e5f938dbae084fa2f8d719d6b23a9a7"")",27/1/2021 21:05
Beam,https://github.com/apache/beam,website-to-hugo,"Commit(sha=""1d2700818474c008eaa324ac1b5c49c9d2857298"")",14/5/2020 22:39
Beam,https://github.com/apache/beam,v2.31.0,"Commit(sha=""90f98a669d4819b469f25fd6f8d94c6a081c2b1a"")",21/6/2021 19:56
Beam,https://github.com/apache/beam,v2.31.0-RC1,"Commit(sha=""90f98a669d4819b469f25fd6f8d94c6a081c2b1a"")",21/6/2021 19:56
Beam,https://github.com/apache/beam,v2.30.0,"Commit(sha=""c026c9fa00239a6f3650a6fa69f3aa864f692afe"")",28/5/2021 5:35
Beam,https://github.com/apache/beam,v2.30.0-RC1,"Commit(sha=""c026c9fa00239a6f3650a6fa69f3aa864f692afe"")",28/5/2021 5:35
Beam,https://github.com/apache/beam,v2.29.0,"Commit(sha=""d7f44ed64351905c5b972921434da8100c142607"")",12/4/2021 18:18
Beam,https://github.com/apache/beam,v2.29.0-RC1,"Commit(sha=""a467e2fc5e74a49fc3ae1fc8b371f818a4f715e9"")",15/4/2021 20:20
Beam,https://github.com/apache/beam,v2.28.0,"Commit(sha=""4202efb5f01254e46fe421225a2ebbdba46da04d"")",13/2/2021 18:40
Beam,https://github.com/apache/beam,v2.28.0-RC1,"Commit(sha=""4202efb5f01254e46fe421225a2ebbdba46da04d"")",13/2/2021 18:40
Beam,https://github.com/apache/beam,v2.27.0,"Commit(sha=""ef9a640dd2860b0d1a630b1c11111876f8855528"")",6/1/2021 3:50
Beam,https://github.com/apache/beam,v2.27.0-RC4,"Commit(sha=""ef9a640dd2860b0d1a630b1c11111876f8855528"")",6/1/2021 3:50
Beam,https://github.com/apache/beam,v2.27.0-RC3,"Commit(sha=""66ea09562a35b352976bc96acd280ec318926605"")",2/1/2021 22:27
Atmosphere,https://github.com/Atmosphere/atmosphere,default/master,"Commit(sha=""4a86d0eb48bd2f9607b50f2e485de8226afdc081"")",29/5/2012 12:48
Atmosphere,https://github.com/Atmosphere/atmosphere,atmosphere-project-3.0.0-beta1,"Commit(sha=""abcdd376721d60afc7ca9554badf9b8fbe17dc67"")",27/2/2018 17:45
Atmosphere,https://github.com/Atmosphere/atmosphere,atmosphere-project-3.0.0-alpha2,"Commit(sha=""40ac0561ed8de5e4a30c9e2ec38ac5e95a6b2a47"")",29/8/2017 14:07
Atmosphere,https://github.com/Atmosphere/atmosphere,atmosphere-project-3.0.0-alpha1,"Commit(sha=""8858ee986ddef69cdc6768dadbd3af257d301fa3"")",10/2/2017 0:01
Atmosphere,https://github.com/Atmosphere/atmosphere,atmosphere-project-2.7.2,"Commit(sha=""81e4efe5f2478b3ac5451e3cf05857fe2b3b90f4"")",10/5/2021 21:43
Atmosphere,https://github.com/Atmosphere/atmosphere,atmosphere-project-2.7.1,"Commit(sha=""fe170318027c4712db0acd247d908b629da9d71e"")",3/5/2021 13:53
Atmosphere,https://github.com/Atmosphere/atmosphere,atmosphere-project-2.7.0,"Commit(sha=""4f61abe4a261f65226fd1a4ec3d01bec8f7f7c9e"")",2/4/2021 17:06
Atmosphere,https://github.com/Atmosphere/atmosphere,atmosphere-project-2.6.4,"Commit(sha=""dacb001be13a8f7762406a194c9dee1bf8d949d0"")",16/10/2020 20:39
Atmosphere,https://github.com/Atmosphere/atmosphere,atmosphere-project-2.6.3,"Commit(sha=""0ea65c122ad35e6ffdf050f4470a8fb965aa2e00"")",21/9/2020 13:17
Atmosphere,https://github.com/Atmosphere/atmosphere,atmosphere-project-2.6.2,"Commit(sha=""2a7aa8d22f7c95d8b65f7ccef33be9f3ef42f592"")",17/9/2020 13:11
Atmosphere,https://github.com/Atmosphere/atmosphere,atmosphere-project-2.6.1,"Commit(sha=""1c57aca65050a5025de92de866d6a194f15df1cc"")",25/6/2020 19:21
Atmosphere,https://github.com/Atmosphere/atmosphere,atmosphere-project-2.6.0,"Commit(sha=""576713fba120e60c256928835ac6d108d5432e60"")",11/5/2020 14:18
Assertj-core,https://github.com/assertj/assertj-core,assertj-core-java8-1.0.0m1,"Commit(sha=""c17da26e6339d96667808d4a2b7ea08a756348ca"")",2/1/2015 22:17
Assertj-core,https://github.com/assertj/assertj-core,assertj-core-3.20.2,"Commit(sha=""089086c5f013582a1c81a76f9c5eaa4a240e5ad3"")",20/6/2021 4:16
Assertj-core,https://github.com/assertj/assertj-core,assertj-core-3.20.1,"Commit(sha=""fc6c3b5b2e7dd8d3f1049efa366bb2878acaac3e"")",16/6/2021 10:11
Assertj-core,https://github.com/assertj/assertj-core,assertj-core-3.20.0,"Commit(sha=""0e799710b37250474a607cbfd63886e88daf2efe"")",15/6/2021 16:05
Assertj-core,https://github.com/assertj/assertj-core,assertj-core-3.19.0,"Commit(sha=""54e2bcae01429f43fdc135e36e4ccc2349e52da7"")",24/1/2021 5:02
Assertj-core,https://github.com/assertj/assertj-core,assertj-core-3.18.1,"Commit(sha=""5cbaded0a80ea44765d656d4b535a384be7b309b"")",11/11/2020 5:19
Assertj-core,https://github.com/assertj/assertj-core,assertj-core-3.18.0,"Commit(sha=""82da23e3c321e7bc5bcf04b2e697b3e23ff5c6c4"")",25/10/2020 9:56
Assertj-core,https://github.com/assertj/assertj-core,assertj-core-3.17.2,"Commit(sha=""3f654ef0d30225e3d820967f478c5582fba82121"")",5/9/2020 23:24
Assertj-core,https://github.com/assertj/assertj-core,assertj-core-3.17.1,"Commit(sha=""0ca7f6edd5d76f0a0b60ba534f0e53e81f2de80d"")",30/8/2020 4:43
Assertj-core,https://github.com/assertj/assertj-core,assertj-core-3.17.0,"Commit(sha=""5238cf24b7757b65fb78e9eb96ca8c9b21b04cde"")",23/8/2020 3:50
Assertj-core,https://github.com/assertj/assertj-core,assertj-core-3.16.1,"Commit(sha=""ade35d48c80cacf6cad949c4d5146aa52f6de89b"")",8/5/2020 22:44
Assertj-core,https://github.com/assertj/assertj-core,assertj-core-3.16.0,"Commit(sha=""ed104ac582301e1f75dc77a6c50d1e0831935e5f"")",5/5/2020 9:51
AxonFramework,https://github.com/AxonFramework/AxonFramework,axon-server-connector-4.3.5-beta2,"Commit(sha=""c55b266db5716e6f04cf700997ceb47276c9e214"")",20/7/2020 8:05
AxonFramework,https://github.com/AxonFramework/AxonFramework,axon-server-connector-4.3.5-beta1,"Commit(sha=""781a8ff203f09dc1a2e200cf8232e678dfe2670f"")",15/7/2020 12:43
AxonFramework,https://github.com/AxonFramework/AxonFramework,axon-4.5.3,"Commit(sha=""58f6f20c32b7e8a580756a52f0b8cd218df38827"")",15/7/2021 14:47
AxonFramework,https://github.com/AxonFramework/AxonFramework,axon-4.5.2,"Commit(sha=""3d1d238b529073cd43832dcfcc1a07b6e9824cf0"")",15/6/2021 16:22
AxonFramework,https://github.com/AxonFramework/AxonFramework,axon-4.5.1,"Commit(sha=""665a1abd794a91fff4f7f0ec0be67bdb3947f5d4"")",20/5/2021 7:52
AxonFramework,https://github.com/AxonFramework/AxonFramework,axon-4.5,"Commit(sha=""f9d613cd7c0551993c0090f0da629610e47ad7ee"")",30/3/2021 11:34
AxonFramework,https://github.com/AxonFramework/AxonFramework,axon-4.4.9,"Commit(sha=""3dd9c43707d3769f3147ffcea4de0eceb22cf4f0"")",18/5/2021 10:02
AxonFramework,https://github.com/AxonFramework/AxonFramework,axon-4.4.8,"Commit(sha=""d210f59b0f6bb10a258939e653bae6d035529870"")",23/3/2021 14:21
AxonFramework,https://github.com/AxonFramework/AxonFramework,axon-4.4.7,"Commit(sha=""0e4857456f58bb0ab5fd5b95c9abaf28651e0b6d"")",10/2/2021 15:51
AxonFramework,https://github.com/AxonFramework/AxonFramework,axon-4.4.6,"Commit(sha=""4000c366dde5b77254856c61d48e3dc4f0bae812"")",20/1/2021 16:47
AxonFramework,https://github.com/AxonFramework/AxonFramework,axon-4.4.5,"Commit(sha=""cfed8d8474a9a613018a363fe62d80bef1a26e02"")",20/11/2020 15:14
AxonFramework,https://github.com/AxonFramework/AxonFramework,axon-4.4.4,"Commit(sha=""71ec26496b641952ae9d7f5b8fcf5e1bd30ae78a"")",11/11/2020 14:03
Byte-buddy,https://github.com/raphw/byte-buddy,byte-buddy-1.11.12,"Commit(sha=""ec813ad1a02b1b58154d5df9389ecaa786041d6c"")",5/8/2021 22:23
Byte-buddy,https://github.com/raphw/byte-buddy,byte-buddy-1.11.11,"Commit(sha=""05cd0a9c4a7da9d04eaf2773add5d17126f8e879"")",5/8/2021 19:16
Byte-buddy,https://github.com/raphw/byte-buddy,byte-buddy-1.11.10,"Commit(sha=""d38fade6736cda55b337c7f3058c29b560ba9de6"")",4/8/2021 19:28
Byte-buddy,https://github.com/raphw/byte-buddy,byte-buddy-1.11.9,"Commit(sha=""52bfa03a9fdf85e1c051f41468872a8f2c29dcaf"")",27/7/2021 18:58
Byte-buddy,https://github.com/raphw/byte-buddy,byte-buddy-1.11.8,"Commit(sha=""ff69a57112d8ab06c18b1b2f87e8a9c714d80176"")",15/7/2021 20:25
Byte-buddy,https://github.com/raphw/byte-buddy,byte-buddy-1.11.7,"Commit(sha=""75e2bb83f5f797d5cedf3fbd18a3aa8e1dff1061"")",14/7/2021 19:32
Byte-buddy,https://github.com/raphw/byte-buddy,byte-buddy-1.11.6,"Commit(sha=""c51396ba504c0a7397d912f8e621d060bc360483"")",2/7/2021 21:09
Byte-buddy,https://github.com/raphw/byte-buddy,byte-buddy-1.11.5,"Commit(sha=""f1342d1b361b812bb1f88edb98344ed6a340b8e0"")",19/6/2021 21:58
Byte-buddy,https://github.com/raphw/byte-buddy,byte-buddy-1.11.4,"Commit(sha=""83848dfc9f8393177994a55bc8d4eb6ad6a29194"")",19/6/2021 21:31
Byte-buddy,https://github.com/raphw/byte-buddy,byte-buddy-1.11.3,"Commit(sha=""9d825c14afe388f82f31624c477e7708e6b8a1e6"")",18/6/2021 7:47
Byte-buddy,https://github.com/raphw/byte-buddy,byte-buddy-1.11.2,"Commit(sha=""99174cd1d179734133abc31a7a28fcbfc456ea78"")",10/6/2021 22:47
Byte-buddy,https://github.com/raphw/byte-buddy,byte-buddy-1.11.1,"Commit(sha=""5284857bb5d30b6c77588619c47c88713bd5828b"")",1/6/2021 19:18
Cas,https://github.com/apereo/cas,v6.4.0-RC6,"Commit(sha=""4c103496d9ccb1ac8dfdd7227ceeb7596e1b9d03"")",16/7/2021 7:06
Cas,https://github.com/apereo/cas,v6.4.0-RC5,"Commit(sha=""ce5ad4a7390d5666e71730e987bd5636ea0fdc71"")",12/6/2021 11:22
Cas,https://github.com/apereo/cas,v6.4.0-RC4,"Commit(sha=""da5c61b50bf011607da1a597c3ba677bab6b35c9"")",9/5/2021 8:52
Cas,https://github.com/apereo/cas,v6.4.0-RC3,"Commit(sha=""a3a0d5e84f53959c986cbb78d92045966cfee0c4"")",4/4/2021 5:55
Cas,https://github.com/apereo/cas,v6.4.0-RC2,"Commit(sha=""97a5e87ef4786b541172f8e4e082991f8174986b"")",5/3/2021 8:48
Cas,https://github.com/apereo/cas,v6.4.0-RC1,"Commit(sha=""a523ec42dc94497c91ef25ebd4c20f6d7b64fdba"")",30/1/2021 13:14
Cas,https://github.com/apereo/cas,v6.3.6,"Commit(sha=""9dee20b9861f7bd7f50bf27113bf5b5514847376"")",30/7/2021 12:16
Cas,https://github.com/apereo/cas,v6.3.5,"Commit(sha=""771568662d4df0ba9825eb6bb1ae53b9cfff4d28"")",18/6/2021 7:40
Cas,https://github.com/apereo/cas,v6.3.4,"Commit(sha=""641bbcc09725fd5c769f692f18636df06b96247b"")",30/4/2021 10:58
Cas,https://github.com/apereo/cas,v6.3.3,"Commit(sha=""b0cb2579a66be9793cd942b2716f15d0acd1e9e4"")",26/3/2021 9:09
Cas,https://github.com/apereo/cas,v6.3.2,"Commit(sha=""24c4ac619486f566a48efd72f19ab20e457c254e"")",13/2/2021 15:25
Cas,https://github.com/apereo/cas,v6.3.1,"Commit(sha=""d90b7746192e22fcc264bcdcf97477265f125c12"")",30/1/2021 8:34
karaf,https://github.com/apache/karaf,karaf-4.3.2,"Commit(sha=""aeb61114a0ce221ed977828f56469107f7167ba5"")",8/5/2021 16:12
karaf,https://github.com/apache/karaf,karaf-4.3.1,"Commit(sha=""077af6a52b9661e80b2c7edd987f17bfcc6160ec"")",29/3/2021 10:18
karaf,https://github.com/apache/karaf,karaf-4.3.0,"Commit(sha=""65bd88e8149ba6e013665a238dfa32b92465f1c4"")",26/10/2020 10:31
karaf,https://github.com/apache/karaf,karaf-4.3.0.RC1,"Commit(sha=""ce86fefbefcf85af505018821900b0f30ca03437"")",27/1/2020 9:04
karaf,https://github.com/apache/karaf,karaf-4.2.11,"Commit(sha=""863b43f098a2522f9f3690227792dcd7b50b274c"")",9/3/2021 7:35
karaf,https://github.com/apache/karaf,karaf-4.2.10,"Commit(sha=""79c4f364b107c653302e7a9755eeaffa04cd712d"")",6/10/2020 15:09
karaf,https://github.com/apache/karaf,karaf-4.2.9,"Commit(sha=""b6fec8f201c851c19d7fb79e6c35452c1c722f53"")",5/6/2020 6:15
karaf,https://github.com/apache/karaf,karaf-4.2.8,"Commit(sha=""262343a5f60b29967a3c72a198f6427b5a6bf5e9"")",19/1/2020 16:55
karaf,https://github.com/apache/karaf,karaf-4.2.7,"Commit(sha=""e4402eeb1c2c4fd4d18b59617945e49ad83cb313"")",23/9/2019 12:58
karaf,https://github.com/apache/karaf,karaf-4.2.6,"Commit(sha=""c5fd213e4782a892fd841515f1f06d4f4b090919"")",7/6/2019 7:11
karaf,https://github.com/apache/karaf,karaf-4.2.5,"Commit(sha=""f8c224771dcd1f0122dc02bf9367ec13c307a9c3"")",17/4/2019 14:23
karaf,https://github.com/apache/karaf,karaf-4.2.4,"Commit(sha=""d32d918adbcace1d9ed68de52ebee235e19c4722"")",14/3/2019 7:34
Storm,https://github.com/apache/storm,v2.2.0,"Commit(sha=""bf1986345de5de605abb4fc7b6051fce762bbca5"")",18/6/2020 16:11
Storm,https://github.com/apache/storm,v2.1.0,"Commit(sha=""79fc9b3e6aeec623b42d165536a936d28f2b12f1"")",25/10/2019 16:40
Storm,https://github.com/apache/storm,v2.0.0,"Commit(sha=""2ba95bbd1c911d4fc6363b1c4b9c4c6d86ac9aae"")",29/4/2019 17:21
Storm,https://github.com/apache/storm,v1.2.3,"Commit(sha=""4e162a47c8219546ab9639401363a8f1b5e51119"")",4/5/2019 22:37
Storm,https://github.com/apache/storm,v1.2.2,"Commit(sha=""d2d6f40344e6cc92ab07f3a462d577ef6b61f8b1"")",17/5/2018 19:01
Storm,https://github.com/apache/storm,v1.2.1,"Commit(sha=""d156d25d991311eaa1f5131d3dc34787f87ce684"")",16/2/2018 20:18
Storm,https://github.com/apache/storm,v1.2.0,"Commit(sha=""2a0097f9a20b9df494caadb87c87d4e4db01a7ed"")",7/2/2018 21:23
Storm,https://github.com/apache/storm,v1.1.4,"Commit(sha=""babab9648a6deb3d444c45bdd6d0ec30804e91f1"")",8/1/2019 20:37
Storm,https://github.com/apache/storm,v1.1.3,"Commit(sha=""c51c8fc251856291597a5007a07e433f26951464"")",17/5/2018 20:23
Storm,https://github.com/apache/storm,v1.1.2,"Commit(sha=""0bb7a66a9b26ad96afc81b27dd45f93ae8969c44"")",8/2/2018 16:57
Storm,https://github.com/apache/storm,v1.1.1,"Commit(sha=""41bfea87b1a002565333bd18a06d766af1ca3816"")",27/7/2017 17:17
Storm,https://github.com/apache/storm,v1.1.0,"Commit(sha=""e40d213de7067f7d3aa4d4992b81890d8ed6ff31"")",21/3/2017 16:55
Spring-framework,https://github.com/spring-projects/spring-framework,v5.3.9,"Commit(sha=""f9b6e94e002d981991281721d76dfa23f0118b07"")",14/7/2021 6:36
Spring-framework,https://github.com/spring-projects/spring-framework,v5.3.8,"Commit(sha=""d51d8aeaf61852de49a68a761f01cffdfafebef3"")",9/6/2021 7:38
Spring-framework,https://github.com/spring-projects/spring-framework,v5.3.7,"Commit(sha=""b1280ffeaaa3d666606fbe92f34219303fa5bbd7"")",12/5/2021 5:38
Spring-framework,https://github.com/spring-projects/spring-framework,v5.3.6,"Commit(sha=""83c6d100950221189d5d6001d3b2e806213f3a98"")",13/4/2021 11:08
Spring-framework,https://github.com/spring-projects/spring-framework,v5.3.5,"Commit(sha=""7c2a72c9b43d066ae9e71d4f39d7bab8f6d9c2ff"")",16/3/2021 8:03
Spring-framework,https://github.com/spring-projects/spring-framework,v5.3.4,"Commit(sha=""d9a9686b453e9813d9d50b0298957beeed7be119"")",16/2/2021 10:43
Spring-framework,https://github.com/spring-projects/spring-framework,v5.3.3,"Commit(sha=""91509805b759a108d7eca0b6b3041c434c61d837"")",12/1/2021 6:26
Spring-framework,https://github.com/spring-projects/spring-framework,v5.3.2,"Commit(sha=""6ffc44db78e73fd9e9a8360bdfabbb96b9548e42"")",9/12/2020 6:03
Spring-framework,https://github.com/spring-projects/spring-framework,v5.3.1,"Commit(sha=""967637d7636204484e37c26fa25e2f4ec8b5dba9"")",10/11/2020 8:59
Spring-framework,https://github.com/spring-projects/spring-framework,v5.3.0,"Commit(sha=""5acffaa72da10ba42fe547eeea44d8615cbf99b9"")",27/10/2020 14:44
Spring-framework,https://github.com/spring-projects/spring-framework,v5.3.0-RC2,"Commit(sha=""c2ac93dec34139012759a1b3b7bfe8bd946366cf"")",13/10/2020 14:28
Spring-framework,https://github.com/spring-projects/spring-framework,v5.3.0-RC1,"Commit(sha=""f932ff48c6b7ecdc4874cb1a44fc7dcf10fd202f"")",15/9/2020 13:46
Spring-security,https://github.com/spring-projects/spring-security,5.6.0-M1,"Commit(sha=""38d2b21967f7370e1a1f4f13cb16133cc1085289"")",19/7/2021 8:43
Spring-security,https://github.com/spring-projects/spring-security,5.5.1,"Commit(sha=""e41360b4a364744dbbf1afe25840cee26d466b37"")",21/6/2021 17:00
Spring-security,https://github.com/spring-projects/spring-security,5.5.0,"Commit(sha=""abd100122e54fa07c8b11c78808e56ba96521fa2"")",18/5/2021 4:57
Spring-security,https://github.com/spring-projects/spring-security,5.5.0-RC2,"Commit(sha=""2242bf09c48b55ef0a29f73c443da0ee8e7f270b"")",3/5/2021 19:58
Spring-security,https://github.com/spring-projects/spring-security,5.5.0-RC1,"Commit(sha=""c562b7d439a1cdc41bbd814ea6656b3b5b25d91b"")",13/4/2021 1:56
Spring-security,https://github.com/spring-projects/spring-security,5.5.0-M3,"Commit(sha=""1c351ca2fd4a9b2f1d038b913b7cbd1acbf985e4"")",15/3/2021 21:43
Spring-security,https://github.com/spring-projects/spring-security,5.5.0-M2,"Commit(sha=""61a67920b56ed9414bbde8e8a0946a57b986706f"")",11/2/2021 21:37
Spring-security,https://github.com/spring-projects/spring-security,5.5.0-M1,"Commit(sha=""3cba4eccdcd5f17932ea9f365bd6df2684820819"")",3/11/2020 21:12
Spring-security,https://github.com/spring-projects/spring-security,5.4.7,"Commit(sha=""73e6ef2aceb15b4bb8cc1c49315deffb4ee20f92"")",21/6/2021 15:24
Spring-security,https://github.com/spring-projects/spring-security,5.4.6,"Commit(sha=""321e6a87428063435a39a92afd0b539ec0f74feb"")",12/4/2021 16:39
Spring-security,https://github.com/spring-projects/spring-security,5.4.5,"Commit(sha=""45bca751c727295a754ea4e8f8059054e2d08270"")",17/2/2021 21:59
Spring-security,https://github.com/spring-projects/spring-security,5.4.4,"Commit(sha=""abc523c063becc72de115cae9a6fa29d374ab549"")",12/2/2021 1:00
Cassandra,https://github.com/apache/cassandra,cassandra-4.0.0,"Commit(sha=""902b4d31772eaa84f05ffdc1e4f4b7a66d5b17e6"")",22/7/2021 17:51
Cassandra,https://github.com/apache/cassandra,cassandra-4.0-rc2,"Commit(sha=""4c98576533e1d7663baf447e8877788096489165"")",27/6/2021 14:37
Cassandra,https://github.com/apache/cassandra,cassandra-4.0-rc1,"Commit(sha=""3282f5ecf187ecbb56b8d73ab9a9110c010898b0"")",21/4/2021 17:32
Cassandra,https://github.com/apache/cassandra,cassandra-4.0-beta4,"Commit(sha=""b0c50c10dbc443a05662b111a971a65cafa258d5"")",18/12/2020 17:33
Cassandra,https://github.com/apache/cassandra,cassandra-4.0-beta3,"Commit(sha=""be716b46f2cb3b2d1f01dc225396c6284d5a35de"")",29/10/2020 12:00
Cassandra,https://github.com/apache/cassandra,cassandra-4.0-beta2,"Commit(sha=""56eadf2004399a80f0733041cacf03839832249a"")",28/8/2020 13:54
Cassandra,https://github.com/apache/cassandra,cassandra-4.0-beta1,"Commit(sha=""972da6fcffa87b3a1684362a2bab97db853372d8"")",17/7/2020 21:22
Cassandra,https://github.com/apache/cassandra,cassandra-4.0-alpha4,"Commit(sha=""d00c004cc10986fc41c2070f9c5d0007e03a45c3"")",10/4/2020 22:28
Cassandra,https://github.com/apache/cassandra,cassandra-4.0-alpha3,"Commit(sha=""5f7c88601c65cdf14ee68387ed68203f2603fc29"")",30/1/2020 8:24
Cassandra,https://github.com/apache/cassandra,cassandra-4.0-alpha2,"Commit(sha=""ca928a49c68186bdcd57dea8b10c30991c6a3c55"")",24/10/2019 16:22
Cassandra,https://github.com/apache/cassandra,cassandra-4.0-alpha1,"Commit(sha=""fc4381ca89ab39a82c9018e5171975285cc3bfe7"")",5/9/2019 22:07
Cassandra,https://github.com/apache/cassandra,cassandra-3.11.11,"Commit(sha=""4cafe2288e56e1135d65e76adbcd6c2de9306d6b"")",25/7/2021 17:39
Okhttp,https://github.com/square/okhttp,parent-5.0.0-alpha.2,"Commit(sha=""b84627ef4bc43f2096c1b764720f9ff2387dca32"")",30/1/2021 19:44
Okhttp,https://github.com/square/okhttp,parent-5.0.0-alpha.1,"Commit(sha=""79d2a8d192d007b8acb2423d3ab6bba3a4f999e1"")",30/1/2021 18:36
Okhttp,https://github.com/square/okhttp,parent-4.10.0-RC1,"Commit(sha=""4fd1e8f99833eebdd2e99f3456322aa197f5e652"")",7/10/2020 3:28
Okhttp,https://github.com/square/okhttp,parent-4.9.1,"Commit(sha=""63dcd95bfa2345bb3f3d4abc6b6dbf36cfb08aaf"")",30/1/2021 18:09
Okhttp,https://github.com/square/okhttp,parent-4.9.0,"Commit(sha=""cbeaf8f955fff9caa5652ccc6c1393ec8b993799"")",11/9/2020 21:08
Okhttp,https://github.com/square/okhttp,parent-4.8.1,"Commit(sha=""fc6c29c4f93a7604fb0fee88be4bbc91dde6551d"")",6/8/2020 14:01
Okhttp,https://github.com/square/okhttp,parent-4.8.0,"Commit(sha=""a70e992c3f7d9adea544c40cc2a4640d28f45cc3"")",11/7/2020 18:01
Okhttp,https://github.com/square/okhttp,parent-4.7.2,"Commit(sha=""4c595553fbcbfc316d24a74197aa753dbc05da9f"")",20/5/2020 13:06
Okhttp,https://github.com/square/okhttp,parent-4.7.1,"Commit(sha=""186ec88aff706f31724210f0b73f88e942e7fb11"")",18/5/2020 21:46
Okhttp,https://github.com/square/okhttp,parent-4.7.0,"Commit(sha=""ef7c5f358e2ac8dad806952c70c7af9061a6f7af"")",17/5/2020 17:52
Okhttp,https://github.com/square/okhttp,parent-4.6.0,"Commit(sha=""0deadd5611c4bc793a776aaaa68710012e456b9f"")",29/4/2020 4:52
Okhttp,https://github.com/square/okhttp,parent-4.5.0,"Commit(sha=""ca0c8d6a1a9c24ebef74554527dd13d9d6234381"")",6/4/2020 14:54
Openapi-generator,https://github.com/OpenAPITools/openapi-generator,v5.2.0,"Commit(sha=""90f7bcd909db20fe2030f2fe53e0d1229a02b9e6"")",9/7/2021 9:06
Openapi-generator,https://github.com/OpenAPITools/openapi-generator,v5.1.1,"Commit(sha=""560bf7e080518f1c5e9af41acdbf3fa402d75512"")",7/5/2021 1:57
Openapi-generator,https://github.com/OpenAPITools/openapi-generator,v5.1.0,"Commit(sha=""e023eaa8218da996140148161978953cc698d014"")",20/3/2021 8:45
Openapi-generator,https://github.com/OpenAPITools/openapi-generator,v5.0.1,"Commit(sha=""c7fcb39a2d66c6748f07dc8d258625885facf649"")",6/2/2021 8:37
Openapi-generator,https://github.com/OpenAPITools/openapi-generator,v5.0.0,"Commit(sha=""d7d5e53f2bad69cdb3dffae35eef1f3f1090a22c"")",21/12/2020 5:04
Openapi-generator,https://github.com/OpenAPITools/openapi-generator,v5.0.0-beta3,"Commit(sha=""2715f1371a1bd438159e4aa79bd8f1fe172b03d9"")",20/11/2020 7:18
Openapi-generator,https://github.com/OpenAPITools/openapi-generator,v5.0.0-beta2,"Commit(sha=""212b4f784742744b7b238607dcefb23ec9db64d7"")",4/9/2020 5:03
Openapi-generator,https://github.com/OpenAPITools/openapi-generator,v5.0.0-beta,"Commit(sha=""a77fd443ad9c5fcd85186b76a15abd1b02887576"")",29/6/2020 15:06
Openapi-generator,https://github.com/OpenAPITools/openapi-generator,v4.3.1,"Commit(sha=""003165c2c254ded7817760cc1d6f97af730d9d4d"")",6/5/2020 9:10
Openapi-generator,https://github.com/OpenAPITools/openapi-generator,v4.3.0,"Commit(sha=""c224cf484b020a7f5997d883cf331715df3fb52a"")",27/3/2020 3:34
Openapi-generator,https://github.com/OpenAPITools/openapi-generator,v4.2.3,"Commit(sha=""26ace1337d42638e2f3c3727d3438666a6886b31"")",31/1/2020 8:24
Openapi-generator,https://github.com/OpenAPITools/openapi-generator,v4.2.2,"Commit(sha=""f9662e0eff68ad7fc31899560ab21dbc559d7068"")",2/12/2019 5:12
Testcontainers-java,https://github.com/testcontainers/testcontainers-java,testcontainers-1.2.1,"Commit(sha=""7f7fe80771ae0979f4951cfea3847446779f15cc"")",6/4/2017 19:30
Testcontainers-java,https://github.com/testcontainers/testcontainers-java,testcontainers-1.2.0,"Commit(sha=""a59f4a7f6fff82e44d401de31c116d9b34f8dc0b"")",12/3/2017 21:13
Testcontainers-java,https://github.com/testcontainers/testcontainers-java,testcontainers-1.1.9,"Commit(sha=""cb4fc7302132d098da568642f41053a851849208"")",12/2/2017 20:25
Testcontainers-java,https://github.com/testcontainers/testcontainers-java,testcontainers-1.1.8,"Commit(sha=""5571e8d7ab57541af75294ba49c4f18fdcf018b9"")",22/1/2017 21:05
Testcontainers-java,https://github.com/testcontainers/testcontainers-java,testcontainers-1.1.7,"Commit(sha=""c421ae12a5b18afeed5f62ace4c02f46e7dbf4c6"")",19/11/2016 22:12
Testcontainers-java,https://github.com/testcontainers/testcontainers-java,testcontainers-1.1.6,"Commit(sha=""dc0db43a1bd278d1f04a2e16dad0ecf4f563e4f6"")",25/9/2016 19:14
Testcontainers-java,https://github.com/testcontainers/testcontainers-java,testcontainers-1.1.5,"Commit(sha=""7ec514f3f20afde79a64f62d0187a623121df728"")",22/8/2016 20:45
Testcontainers-java,https://github.com/testcontainers/testcontainers-java,testcontainers-1.1.4,"Commit(sha=""04841c501bba3bab19e0a3f7e4d45bfedfbd3f78"")",16/8/2016 19:34
Testcontainers-java,https://github.com/testcontainers/testcontainers-java,testcontainers-1.1.3,"Commit(sha=""5d59cdbec5aaac255dfdbbbf6eca219e8843695d"")",27/7/2016 19:22
Testcontainers-java,https://github.com/testcontainers/testcontainers-java,testcontainers-1.1.2,"Commit(sha=""7c308ed349288c267bcc18f11e7aac315dfe5bd8"")",19/7/2016 21:26
Testcontainers-java,https://github.com/testcontainers/testcontainers-java,testcontainers-1.1.1,"Commit(sha=""e7ab5cf9289ea2e5dd932fa98ffd36e616d6d36f"")",17/7/2016 20:54
Testcontainers-java,https://github.com/testcontainers/testcontainers-java,testcontainers-1.1.0,"Commit(sha=""80e58ee52fbae7ad0b77164b374c8468d11e7aa3"")",5/7/2016 21:50
Traccar,https://github.com/traccar/traccar,v4.13,"Commit(sha=""4c9399991e2cd2e67580c2bba8825b5133e4fe05"")",1/6/2021 22:46
Traccar,https://github.com/traccar/traccar,v4.12,"Commit(sha=""00ddff42e766e834dee49eb471c0c3aefab022b2"")",2/2/2021 8:30
Traccar,https://github.com/traccar/traccar,v4.11,"Commit(sha=""99bab1f37f0a21e5c0e20cb78e30218c98133bf0"")",4/11/2020 0:46
Traccar,https://github.com/traccar/traccar,v4.10,"Commit(sha=""9188d67c08f309697fed0f4e452b06ea738a67bf"")",26/7/2020 3:43
Traccar,https://github.com/traccar/traccar,v4.9,"Commit(sha=""df9061e1db8195ca37c9106dbf53ad02dd818165"")",6/7/2020 4:26
Traccar,https://github.com/traccar/traccar,v4.8,"Commit(sha=""533d5887d09f794d1d02fd5d8f3b14c480a10a67"")",8/2/2020 19:49
Traccar,https://github.com/traccar/traccar,v4.7,"Commit(sha=""ce11cf209314dad9f7faa4c942e248ca5f64bc12"")",19/1/2020 17:50
Traccar,https://github.com/traccar/traccar,v4.6,"Commit(sha=""523f4b0c7d1b849f57347e45e6ebbec4c4d0baf3"")",24/8/2019 22:00
Traccar,https://github.com/traccar/traccar,v4.5,"Commit(sha=""014e6479ecf71b1835dee19e896202bb42769727"")",4/5/2019 22:20
Traccar,https://github.com/traccar/traccar,v4.4,"Commit(sha=""3eac8e5dcfbdb607d8f20121768d12c3176f205c"")",29/4/2019 3:38
Traccar,https://github.com/traccar/traccar,v4.3,"Commit(sha=""6810c4c75fd2f7c388b0b8058f6c327ae15ca53e"")",6/2/2019 2:34
Traccar,https://github.com/traccar/traccar,v4.2,"Commit(sha=""25b6d4fe524f41ae9a37d7b57a2c4f0e8e1dfa25"")",10/11/2018 3:24
Orientdb,https://github.com/orientechnologies/orientdb,v1.3.0,"Commit(sha=""0b929937c68b224527b65296c23437537b499c25"")",19/12/2012 23:21
Orientdb,https://github.com/orientechnologies/orientdb,3.2.0,"Commit(sha=""c08b76230798b477a8abbf2312b30ecddad842ad"")",29/4/2021 10:49
Orientdb,https://github.com/orientechnologies/orientdb,3.1.12,"Commit(sha=""b225e767a05a41efa9279a0084ade3fdcec8ab92"")",26/5/2021 7:32
Orientdb,https://github.com/orientechnologies/orientdb,3.1.11,"Commit(sha=""79f16b7184fb31f828d70df4ecb239774e74bbd6"")",20/4/2021 9:23
Orientdb,https://github.com/orientechnologies/orientdb,3.1.10,"Commit(sha=""6f7f84cd604f4630440140853ee013b77163fde3"")",16/3/2021 8:55
Orientdb,https://github.com/orientechnologies/orientdb,3.1.9,"Commit(sha=""ea45186cfc40f4e155ae967965d9772d6baefdb0"")",24/2/2021 11:20
Orientdb,https://github.com/orientechnologies/orientdb,3.1.8,"Commit(sha=""69d78b7fe2a715e44407043613a5eac77b30abd1"")",9/2/2021 11:53
Orientdb,https://github.com/orientechnologies/orientdb,3.1.7,"Commit(sha=""ad4008dfcb1d91e53efb15ede82aa78f1b4b6d09"")",12/1/2021 10:03
Orientdb,https://github.com/orientechnologies/orientdb,3.1.6,"Commit(sha=""d9f940b27ed4d81270f947cc3678c820a587b1c6"")",15/12/2020 10:58
Orientdb,https://github.com/orientechnologies/orientdb,3.1.5,"Commit(sha=""86d1ebc00bef467e6b8663773efc00879467f001"")",23/11/2020 8:54
Orientdb,https://github.com/orientechnologies/orientdb,3.1.4,"Commit(sha=""0d47e1cd37cb69c185fb4959e925863e8ca3abcf"")",20/10/2020 10:25
Orientdb,https://github.com/orientechnologies/orientdb,3.1.3,"Commit(sha=""84474953ab1ac68ebb720280701638aaa0b17ba7"")",30/9/2020 7:44
Spotbugs,https://github.com/spotbugs/spotbugs,4.3.0,"Commit(sha=""0dfbd8166ebe6c9e66614650d65d06f29fa46e96"")",1/7/2021 1:31
Spotbugs,https://github.com/spotbugs/spotbugs,4.2.3,"Commit(sha=""de5da7ec39e2087e93a16deef00cdb86485be873"")",12/4/2021 4:36
Spotbugs,https://github.com/spotbugs/spotbugs,4.2.2,"Commit(sha=""840bce09c967e1152d912f2be65933e6138f22f2"")",3/3/2021 0:39
Spotbugs,https://github.com/spotbugs/spotbugs,4.2.1,"Commit(sha=""4b3f15803a2161bfaa3f4bafeee1e4e247cb8e5f"")",3/2/2021 4:59
Spotbugs,https://github.com/spotbugs/spotbugs,4.2.0,"Commit(sha=""fa4462b978a871b4d14b3ee8d28a4b8623963d0f"")",28/11/2020 0:29
Spotbugs,https://github.com/spotbugs/spotbugs,4.1.4,"Commit(sha=""e413395ba81fad8372355f5d487b5c1381db4d35"")",15/10/2020 1:01
Spotbugs,https://github.com/spotbugs/spotbugs,4.1.3,"Commit(sha=""8c5bb16cca4ef21e13e8696a2a0e62e0a8bc00c5"")",24/9/2020 12:30
Spotbugs,https://github.com/spotbugs/spotbugs,4.1.2,"Commit(sha=""1a2aa9d169b908681258bcc531f048eb42e2acc6"")",17/8/2020 23:55
Spotbugs,https://github.com/spotbugs/spotbugs,4.1.1,"Commit(sha=""fb4cdf0b7c4ddc5fc246b71426265e6b309b3354"")",30/7/2020 19:59
Spotbugs,https://github.com/spotbugs/spotbugs,4.1.0,"Commit(sha=""30052336cca065fa8c6f393d8deb81501f1c44c8"")",30/7/2020 2:07
Spotbugs,https://github.com/spotbugs/spotbugs,4.0.6,"Commit(sha=""9f3f158f9a6da48b2906d4b571fd7ae35f919e4b"")",22/6/2020 23:25
Spotbugs,https://github.com/spotbugs/spotbugs,4.0.5,"Commit(sha=""9169da352c8c19a8ffd1b405f5cf0cfcd1608e89"")",20/6/2020 10:58
Tika,https://github.com/apache/tika,tika-1.3,"Commit(sha=""a7245a0529e1c7fe99b9f6fd2cb564df6fcb3284"")",19/1/2013 3:07
Tika,https://github.com/apache/tika,2.0.0,"Commit(sha=""dfd5ec4c7490eefcc1fe869c27e980c3084a5d29"")",14/7/2021 17:22
Tika,https://github.com/apache/tika,2.0.0-BETA,"Commit(sha=""9e8cbe27fd4f858a888fc2b620b315ef3838734b"")",19/5/2021 14:40
Tika,https://github.com/apache/tika,2.0.0-ALPHA-rc1,"Commit(sha=""1136cde6ed34388012e8dab25996b68e5e0c2eea"")",13/1/2021 22:08
Tika,https://github.com/apache/tika,1.27,"Commit(sha=""ccf94425e1cd6136ab3c06046580704393039294"")",30/6/2021 19:06
Tika,https://github.com/apache/tika,1.26,"Commit(sha=""2e83fd4a02fe68a385833c176d3491ed883a8216"")",24/3/2021 14:27
Tika,https://github.com/apache/tika,1.25,"Commit(sha=""0090ebac8e4ff4083a9c0c5d3dc55f545ad6f951"")",25/11/2020 11:47
Tika,https://github.com/apache/tika,1.24.1,"Commit(sha=""29e75ab76df1bdc3b7335fd92cc0f35adf8135c5"")",17/4/2020 21:05
Tika,https://github.com/apache/tika,1.24,"Commit(sha=""35a2cd35129db3aae58fd6567e447d2bbadf56d3"")",11/3/2020 18:01
Tika,https://github.com/apache/tika,1.23,"Commit(sha=""79f6c6c604d06780bd4d0c9fc4a8a95bee261a82"")",3/12/2019 2:47
Tika,https://github.com/apache/tika,1.23-rc1,"Commit(sha=""0e4583e02ba725df50a0058f8f039790ff8f022f"")",26/11/2019 20:57
Tika,https://github.com/apache/tika,1.22,"Commit(sha=""aa2a385a630c702d2fb9a6cb37e280229c97f85a"")",29/7/2019 16:10
Rest-assured,https://github.com/rest-assured/rest-assured,rest-assured-4.4.0,"Commit(sha=""275df07b674d716893c62582a33f51b47f2c027d"")",21/5/2021 13:57
Rest-assured,https://github.com/rest-assured/rest-assured,rest-assured-4.3.3,"Commit(sha=""6244bb1374707802d9d15629c82fa021fd427bf3"")",11/12/2020 8:57
Rest-assured,https://github.com/rest-assured/rest-assured,rest-assured-4.3.2,"Commit(sha=""096525eb1f024b5e4a72c8b4cfc327f9e9ceb483"")",8/11/2020 12:34
Rest-assured,https://github.com/rest-assured/rest-assured,rest-assured-4.3.1,"Commit(sha=""dbe19fd7bb9a67d946ee1a4d3d679a5bd0268141"")",3/7/2020 7:57
Rest-assured,https://github.com/rest-assured/rest-assured,rest-assured-4.3.0,"Commit(sha=""00495f81b027f7a79d7450b5b28ef21242f4453c"")",13/3/2020 10:34
Rest-assured,https://github.com/rest-assured/rest-assured,rest-assured-4.2.1,"Commit(sha=""fcab041fbf32112969e0ffb4fbb9e794b9e6c518"")",11/12/2020 8:17
Rest-assured,https://github.com/rest-assured/rest-assured,rest-assured-4.2.0,"Commit(sha=""33666cb6e19f57a3db58775edbfdab425a92e92f"")",17/1/2020 11:17
Rest-assured,https://github.com/rest-assured/rest-assured,rest-assured-4.1.2,"Commit(sha=""43902f8b6bea1105ef0df04a2ccdb3ce841b377f"")",2/10/2019 10:19
Rest-assured,https://github.com/rest-assured/rest-assured,rest-assured-4.1.1,"Commit(sha=""1b3ab6791bd965da043962186bf83c6b0b8fa636"")",6/9/2019 9:03
Rest-assured,https://github.com/rest-assured/rest-assured,rest-assured-4.1.0,"Commit(sha=""d4f4e27872c259c93799fb831a948e41fe474429"")",1/9/2019 6:27
Rest-assured,https://github.com/rest-assured/rest-assured,rest-assured-4.0.0,"Commit(sha=""5d5d88ad0825a0c1882ea19916c7e158244b22e5"")",10/5/2019 6:40
Rest-assured,https://github.com/rest-assured/rest-assured,rest-assured-3.3.0,"Commit(sha=""4a99626a540105f173fac6c5efd35b1c4e3acf92"")",11/1/2019 9:09
Guacamole-client,https://github.com/apache/guacamole-client,1.3.0,"Commit(sha=""f1783f5dc1734b114a3698d3a3bac713eb9c2b9c"")",16/12/2020 12:02
Guacamole-client,https://github.com/apache/guacamole-client,1.3.0-RC1,"Commit(sha=""f1783f5dc1734b114a3698d3a3bac713eb9c2b9c"")",16/12/2020 12:02
Guacamole-client,https://github.com/apache/guacamole-client,1.2.0,"Commit(sha=""21ec5640a560f95725c081391d9943d5d0beb88d"")",26/6/2020 2:25
Guacamole-client,https://github.com/apache/guacamole-client,1.2.0-RC1,"Commit(sha=""21ec5640a560f95725c081391d9943d5d0beb88d"")",26/6/2020 2:25
Guacamole-client,https://github.com/apache/guacamole-client,1.1.0,"Commit(sha=""ae4361ab70dae4829b08f34a80b08fac885703ba"")",26/1/2020 16:50
Guacamole-client,https://github.com/apache/guacamole-client,1.1.0-RC1,"Commit(sha=""ae4361ab70dae4829b08f34a80b08fac885703ba"")",26/1/2020 16:50
Guacamole-client,https://github.com/apache/guacamole-client,1.0.0,"Commit(sha=""801a5df9f1d7095c52e594dda1a5276fe8cf6524"")",5/12/2018 22:32
Guacamole-client,https://github.com/apache/guacamole-client,1.0.0-RC1,"Commit(sha=""801a5df9f1d7095c52e594dda1a5276fe8cf6524"")",5/12/2018 22:32
Guacamole-client,https://github.com/apache/guacamole-client,0.9.14,"Commit(sha=""1c5951b6ac322a0d1e87ab787803275438d53983"")",5/1/2018 15:38
Guacamole-client,https://github.com/apache/guacamole-client,0.9.14-RC1,"Commit(sha=""1c5951b6ac322a0d1e87ab787803275438d53983"")",5/1/2018 15:38
Guacamole-client,https://github.com/apache/guacamole-client,0.9.13-incubating,"Commit(sha=""de12b683d746129ddc8b34425ed6e40b618c91d6"")",28/6/2017 12:04
Guacamole-client,https://github.com/apache/guacamole-client,0.9.13-incubating-RC1,"Commit(sha=""de12b683d746129ddc8b34425ed6e40b618c91d6"")",28/6/2017 12:04
Eclim,https://github.com/ervandew/eclim,2.18.0,"Commit(sha=""c5f05be7360fc98b924a19fa8247f14f95cc3ee3"")",9/1/2021 17:14
Eclim,https://github.com/ervandew/eclim,2.8.0,"Commit(sha=""16d9a7d65a43721732ee7da8466052e169ff7cbe"")",5/7/2018 18:03
Eclim,https://github.com/ervandew/eclim,2.7.2,"Commit(sha=""136cb0c417be287bebdb3007c5ad7bf1d4a6cce5"")",11/2/2018 15:59
Eclim,https://github.com/ervandew/eclim,2.7.1,"Commit(sha=""21a2c9260c089e47ef8be89809b4b65adee727cb"")",2/1/2018 1:23
Eclim,https://github.com/ervandew/eclim,2.7.0,"Commit(sha=""e4fcdef4626949dfcabef21e691f6ccb6a8ffed6"")",12/7/2017 14:34
Eclim,https://github.com/ervandew/eclim,2.6.0,"Commit(sha=""76d8e6bc47aef3b6b9e6e87475d5c3a5135cc015"")",22/7/2016 0:23
Eclim,https://github.com/ervandew/eclim,2.5.0,"Commit(sha=""80642b72db65a2be44c2e546a0cbb88bc4cfa2d0"")",25/7/2015 23:49
Eclim,https://github.com/ervandew/eclim,2.4.1,"Commit(sha=""1de73d8620f541bb376883be6973f16bf99cac41"")",23/1/2015 3:17
Eclim,https://github.com/ervandew/eclim,2.4.0,"Commit(sha=""aa8a3676b1ce75117763f1ba6532555aa868bea2"")",24/8/2014 14:19
Eclim,https://github.com/ervandew/eclim,2.3.4,"Commit(sha=""f5805fd7f06630c8917d4954fa262d47ac9380c6"")",12/4/2014 13:55
Eclim,https://github.com/ervandew/eclim,2.3.3,"Commit(sha=""cd768e65eb1a3e2dfdc86b79fed19a51da7d3560"")",6/4/2014 14:30
Eclim,https://github.com/ervandew/eclim,2.3.2,"Commit(sha=""12e6c535e5aeec1c01cfcd5bbc35e02bea33e82c"")",12/9/2013 14:42
Hawtio,https://github.com/hawtio/hawtio,v0.1,"Commit(sha=""4d8e01fe566359b483d9e2a2669a04782f8ef739"")",18/4/2014 16:19
Hawtio,https://github.com/hawtio/hawtio,project-2.0.0,"Commit(sha=""d7a4ee4c992edadc60a42787c34c8769ad419afa"")",21/5/2015 14:14
Hawtio,https://github.com/hawtio/hawtio,hawtio-2.13.5,"Commit(sha=""aaed27a23940dd2be70d98391073c8eb68d30673"")",25/6/2021 6:54
Hawtio,https://github.com/hawtio/hawtio,hawtio-2.13.4,"Commit(sha=""e598afec9d85a2e9b0dcf85b31ad3c855e3ccec9"")",21/5/2021 4:21
Hawtio,https://github.com/hawtio/hawtio,hawtio-2.13.3,"Commit(sha=""6e012376b754f77b915eebaac39a085060cefa85"")",6/5/2021 3:35
Hawtio,https://github.com/hawtio/hawtio,hawtio-2.13.2,"Commit(sha=""f2a388b80b421d95dc40e1d03990d061a934336a"")",31/3/2021 5:31
Hawtio,https://github.com/hawtio/hawtio,hawtio-2.13.1,"Commit(sha=""a0152685e9b34af2095350ba52a9aa4be3858ae3"")",18/3/2021 3:47
Hawtio,https://github.com/hawtio/hawtio,hawtio-2.13.0,"Commit(sha=""56945196b08120c361b4535a6fe8be057f0c2a49"")",9/2/2021 4:59
Hawtio,https://github.com/hawtio/hawtio,hawtio-2.12.1,"Commit(sha=""0759857aba50cde13b4cd94e714b28db59f0d173"")",18/12/2020 8:14
Hawtio,https://github.com/hawtio/hawtio,hawtio-2.12.0,"Commit(sha=""517aa63a97d8af273466a027e05845963602a626"")",17/11/2020 4:22
Hawtio,https://github.com/hawtio/hawtio,hawtio-2.11.1,"Commit(sha=""03c8b270257c773bd203bc0f224f343fd5b3e1ab"")",12/10/2020 4:33
Hawtio,https://github.com/hawtio/hawtio,hawtio-2.11.0,"Commit(sha=""b60c6ad70edd247d63615f366b84e98f8e2302c6"")",9/10/2020 6:24
Dropwizard,https://github.com/dropwizard/dropwizard,v2.1.0-beta.2,"Commit(sha=""94ab611f45fbacf94f449a14fd035c6971a786fd"")",29/7/2021 12:50
Dropwizard,https://github.com/dropwizard/dropwizard,v2.1.0-beta.1,"Commit(sha=""ff09d7fffece5dda0c2f188114393161702135af"")",25/4/2021 12:29
Dropwizard,https://github.com/dropwizard/dropwizard,v2.0.24,"Commit(sha=""8818eb7ec61dd59059b51478d734e6d30fb8cca9"")",29/7/2021 12:08
Dropwizard,https://github.com/dropwizard/dropwizard,v2.0.23,"Commit(sha=""79c3770db75c09d5c846d5d42ffb607b29ba5b9f"")",21/6/2021 11:49
Dropwizard,https://github.com/dropwizard/dropwizard,v2.0.22,"Commit(sha=""a40301a5dc44ebbdeac291edf4cf3df3960a6fae"")",24/5/2021 16:31
Dropwizard,https://github.com/dropwizard/dropwizard,v2.0.21,"Commit(sha=""47556c4f31576e6bc4e00262661b7b212bd90a60"")",7/4/2021 14:05
Dropwizard,https://github.com/dropwizard/dropwizard,v2.0.20,"Commit(sha=""7c6f2ce175e8f9db63a694ae413210f99e183ad7"")",24/2/2021 9:46
Dropwizard,https://github.com/dropwizard/dropwizard,v2.0.19,"Commit(sha=""bcf99a613e320812fc4b691f96a4e7e3d125749d"")",1/2/2021 9:44
Dropwizard,https://github.com/dropwizard/dropwizard,v2.0.18,"Commit(sha=""7385a7d7a3a1f0670d5fda376b8cdf516d7c7b30"")",12/1/2021 6:56
Dropwizard,https://github.com/dropwizard/dropwizard,v2.0.17,"Commit(sha=""3318b1e7e6ca900696ce2ed4e6687a725e0aa90a"")",14/12/2020 20:56
Dropwizard,https://github.com/dropwizard/dropwizard,v2.0.16,"Commit(sha=""d49fd0d8185d5b571c3a90282c4e44a55b996c53"")",26/11/2020 17:00
Dropwizard,https://github.com/dropwizard/dropwizard,v2.0.15,"Commit(sha=""a85798d66b667a8e598a062db1cdafeae48acf30"")",3/11/2020 14:46
