file,class,type,cbo,wmc,dit,rfc,lcom,totalMethods,staticMethods,publicMethods,privateMethods,protectedMethods,defaultMethods,abstractMethods,finalMethods,synchronizedMethods,totalFields,staticFields,publicFields,privateFields,protectedFields,defaultFields,finalFields,synchronizedFields,nosi,loc,returnQty,loopQty,comparisonsQty,tryCatchQty,parenthesizedExpsQty,stringLiteralsQty,numbersQty,assignmentsQty,mathOperationsQty,variablesQty,maxNestedBlocks,anonymousClassesQty,subClassesQty,lambdasQty,uniqueWordsQty,modifiers
C:\Users\tanji\Desktop\SoftwareRemodularization\raw_sourcecode\Okhttp\Okhttp_parent-4.8.1\mockwebserver\src\test\java\okhttp3\mockwebserver\CustomDispatcherTest.java,okhttp3.mockwebserver.CustomDispatcherTest,class,8,3,1,14,1,3,0,2,1,0,0,0,0,0,2,0,2,0,0,0,0,0,0,71,1,0,0,0,0,3,8,14,0,14,0,2,0,1,53,1
C:\Users\tanji\Desktop\SoftwareRemodularization\raw_sourcecode\Okhttp\Okhttp_parent-4.8.1\mockwebserver\src\test\java\okhttp3\mockwebserver\internal\http2\Http2Server.java,okhttp3.mockwebserver.internal.http2.Http2Server,class,9,33,2,53,32,9,1,3,6,0,0,0,0,0,3,1,0,2,0,0,3,0,5,156,10,3,1,3,1,44,5,26,7,24,3,0,0,0,80,17
C:\Users\tanji\Desktop\SoftwareRemodularization\raw_sourcecode\Okhttp\Okhttp_parent-4.8.1\mockwebserver\src\test\java\okhttp3\mockwebserver\MockWebServerTest.java,okhttp3.mockwebserver.MockWebServerTest,class,21,54,1,117,0,39,1,38,1,0,0,0,0,0,3,0,3,0,0,0,1,0,12,499,2,3,1,11,3,112,48,97,12,97,3,1,0,1,212,17
C:\Users\tanji\Desktop\SoftwareRemodularization\raw_sourcecode\Okhttp\Okhttp_parent-4.8.1\mockwebserver\src\test\java\okhttp3\mockwebserver\RecordedRequestTest.java,okhttp3.mockwebserver.RecordedRequestTest,class,8,5,2,7,0,5,0,5,0,0,0,0,0,0,2,0,1,1,0,0,0,0,10,80,0,0,0,0,0,16,60,12,0,12,0,0,1,0,35,1
C:\Users\tanji\Desktop\SoftwareRemodularization\raw_sourcecode\Okhttp\Okhttp_parent-4.8.1\okcurl\src\test\java\okhttp3\curl\MainTest.java,okhttp3.curl.MainTest,class,8,12,1,18,55,11,2,10,1,0,0,0,0,0,0,0,0,0,0,0,0,0,12,85,2,0,0,1,0,57,1,13,0,13,1,0,0,0,47,1
C:\Users\tanji\Desktop\SoftwareRemodularization\raw_sourcecode\Okhttp\Okhttp_parent-4.8.1\okhttp\src\test\java\okhttp3\AddressTest.java,okhttp3.AddressTest,class,7,4,1,7,0,4,0,4,0,0,0,0,0,0,6,0,0,6,0,0,0,0,1,43,0,0,0,0,0,9,6,12,1,12,0,0,0,0,35,17
C:\Users\tanji\Desktop\SoftwareRemodularization\raw_sourcecode\Okhttp\Okhttp_parent-4.8.1\okhttp\src\test\java\okhttp3\AutobahnTester.java,okhttp3.AutobahnTester,class,7,14,1,17,9,6,1,2,4,0,0,0,0,0,2,1,0,1,0,0,2,0,1,114,2,1,0,4,0,12,7,14,7,14,2,3,0,0,78,17
C:\Users\tanji\Desktop\SoftwareRemodularization\raw_sourcecode\Okhttp\Okhttp_parent-4.8.1\okhttp\src\test\java\okhttp3\CacheControlTest.java,okhttp3.CacheControlTest,class,3,15,1,28,91,14,0,14,0,0,0,0,0,0,0,0,0,0,0,0,0,0,0,163,0,0,0,1,1,35,29,22,3,22,1,0,0,0,61,17
C:\Users\tanji\Desktop\SoftwareRemodularization\raw_sourcecode\Okhttp\Okhttp_parent-4.8.1\okhttp\src\test\java\okhttp3\CacheTest.java,okhttp3.CacheTest,class,38,174,1,140,3657,159,0,138,19,0,0,1,0,0,10,1,5,5,0,0,5,0,18,2154,8,0,5,6,3,1150,244,298,135,281,1,3,0,3,566,17
C:\Users\tanji\Desktop\SoftwareRemodularization\raw_sourcecode\Okhttp\Okhttp_parent-4.8.1\okhttp\src\test\java\okhttp3\CallTest.java,okhttp3.CallTest,class,78,259,4,285,0,215,0,201,14,0,0,0,0,0,12,0,7,5,0,0,7,0,54,3173,10,9,0,33,10,1048,250,438,32,359,1,28,1,9,746,17
C:\Users\tanji\Desktop\SoftwareRemodularization\raw_sourcecode\Okhttp\Okhttp_parent-4.8.1\okhttp\src\test\java\okhttp3\CertificateChainCleanerTest.java,okhttp3.CertificateChainCleanerTest,class,6,22,1,19,105,15,0,13,2,0,0,0,0,0,0,0,0,0,0,0,0,0,0,230,2,4,0,2,0,15,39,52,2,52,1,0,0,0,82,17
C:\Users\tanji\Desktop\SoftwareRemodularization\raw_sourcecode\Okhttp\Okhttp_parent-4.8.1\okhttp\src\test\java\okhttp3\CertificatePinnerTest.java,okhttp3.CertificatePinnerTest,class,5,36,1,28,0,24,0,24,0,0,0,0,0,0,6,6,0,0,0,0,0,0,24,250,0,0,0,12,0,66,5,32,1,32,1,0,0,0,96,17
C:\Users\tanji\Desktop\SoftwareRemodularization\raw_sourcecode\Okhttp\Okhttp_parent-4.8.1\okhttp\src\test\java\okhttp3\CipherSuiteTest.java,okhttp3.CipherSuiteTest,class,5,16,4,22,105,15,0,15,0,0,0,0,0,0,0,0,0,0,0,0,0,0,3,158,0,0,0,1,0,71,0,13,0,13,1,0,1,0,145,1
C:\Users\tanji\Desktop\SoftwareRemodularization\raw_sourcecode\Okhttp\Okhttp_parent-4.8.1\okhttp\src\test\java\okhttp3\ConnectionCoalescingTest.java,okhttp3.ConnectionCoalescingTest,class,29,27,1,62,0,21,0,19,2,0,0,0,0,0,9,0,3,6,0,0,3,0,3,381,1,0,0,7,0,62,41,59,0,50,1,5,0,5,264,17
C:\Users\tanji\Desktop\SoftwareRemodularization\raw_sourcecode\Okhttp\Okhttp_parent-4.8.1\okhttp\src\test\java\okhttp3\ConnectionReuseTest.java,okhttp3.ConnectionReuseTest,class,24,24,1,47,0,20,0,15,5,0,0,0,0,0,6,0,4,2,0,0,4,0,2,285,0,3,0,2,0,59,31,49,0,43,1,0,0,1,142,17
C:\Users\tanji\Desktop\SoftwareRemodularization\raw_sourcecode\Okhttp\Okhttp_parent-4.8.1\okhttp\src\test\java\okhttp3\ConnectionSpecTest.java,okhttp3.ConnectionSpecTest,class,7,20,1,42,78,16,0,16,0,0,0,0,0,0,1,0,1,0,0,0,1,0,9,258,0,0,0,2,2,12,2,25,2,25,1,0,0,0,60,17
C:\Users\tanji\Desktop\SoftwareRemodularization\raw_sourcecode\Okhttp\Okhttp_parent-4.8.1\okhttp\src\test\java\okhttp3\CookiesTest.java,okhttp3.CookiesTest,class,17,16,1,65,5,14,0,12,2,0,0,0,0,0,3,0,2,1,0,0,2,0,6,264,1,1,0,0,0,89,21,62,7,54,2,2,0,0,109,1
C:\Users\tanji\Desktop\SoftwareRemodularization\raw_sourcecode\Okhttp\Okhttp_parent-4.8.1\okhttp\src\test\java\okhttp3\CookieTest.java,okhttp3.CookieTest,class,7,71,1,39,648,60,0,59,1,0,0,0,0,0,1,0,0,0,0,0,0,0,2,498,1,2,0,8,0,250,44,34,1,34,3,0,0,0,187,17
C:\Users\tanji\Desktop\SoftwareRemodularization\raw_sourcecode\Okhttp\Okhttp_parent-4.8.1\okhttp\src\test\java\okhttp3\DelegatingServerSocketFactory.java,okhttp3.DelegatingServerSocketFactory,class,1,6,2,5,0,6,0,5,0,1,0,0,0,0,1,0,0,1,0,0,1,0,0,35,5,0,0,0,0,0,0,5,0,5,0,0,0,0,26,1
C:\Users\tanji\Desktop\SoftwareRemodularization\raw_sourcecode\Okhttp\Okhttp_parent-4.8.1\okhttp\src\test\java\okhttp3\DelegatingSocketFactory.java,okhttp3.DelegatingSocketFactory,class,1,7,2,6,0,7,0,6,0,1,0,0,0,0,1,0,0,1,0,0,1,0,0,36,6,0,0,0,0,0,0,6,0,6,0,0,0,0,25,1
C:\Users\tanji\Desktop\SoftwareRemodularization\raw_sourcecode\Okhttp\Okhttp_parent-4.8.1\okhttp\src\test\java\okhttp3\DelegatingSSLSession.java,okhttp3.DelegatingSSLSession,class,1,22,1,21,0,22,0,22,0,0,0,0,0,0,1,0,0,0,1,0,1,0,0,76,18,0,0,0,0,0,0,1,0,1,0,0,0,0,43,1025
C:\Users\tanji\Desktop\SoftwareRemodularization\raw_sourcecode\Okhttp\Okhttp_parent-4.8.1\okhttp\src\test\java\okhttp3\DelegatingSSLSocket.java,okhttp3.DelegatingSSLSocket,class,2,74,3,63,0,68,0,68,0,0,0,0,0,0,1,0,0,0,1,0,1,0,0,260,40,0,0,6,0,14,0,1,0,1,1,0,0,0,112,1025
C:\Users\tanji\Desktop\SoftwareRemodularization\raw_sourcecode\Okhttp\Okhttp_parent-4.8.1\okhttp\src\test\java\okhttp3\DelegatingSSLSocketFactory.java,okhttp3.DelegatingSSLSocketFactory,class,1,10,3,9,0,10,0,9,0,1,0,0,0,0,1,0,0,1,0,0,1,0,0,48,9,0,0,0,0,0,0,7,0,7,0,0,0,0,34,1
C:\Users\tanji\Desktop\SoftwareRemodularization\raw_sourcecode\Okhttp\Okhttp_parent-4.8.1\okhttp\src\test\java\okhttp3\DispatcherTest.java,okhttp3.DispatcherTest,class,19,26,1,52,0,24,0,21,3,0,0,0,0,0,7,0,1,0,0,0,1,0,0,285,3,0,0,2,0,99,36,36,0,34,1,0,0,4,120,17
C:\Users\tanji\Desktop\SoftwareRemodularization\raw_sourcecode\Okhttp\Okhttp_parent-4.8.1\okhttp\src\test\java\okhttp3\DuplexTest.java,okhttp3.DuplexTest,class,33,21,1,82,0,17,0,14,3,0,0,0,0,0,7,0,4,3,0,0,3,0,1,468,1,0,0,14,11,143,7,75,0,68,1,2,0,0,196,17
C:\Users\tanji\Desktop\SoftwareRemodularization\raw_sourcecode\Okhttp\Okhttp_parent-4.8.1\okhttp\src\test\java\okhttp3\EventListenerTest.java,okhttp3.EventListenerTest,class,66,92,2,129,0,74,0,63,11,0,0,0,0,0,10,1,5,5,0,0,7,0,18,1276,4,0,1,13,0,464,92,187,6,162,1,7,1,5,282,17
C:\Users\tanji\Desktop\SoftwareRemodularization\raw_sourcecode\Okhttp\Okhttp_parent-4.8.1\okhttp\src\test\java\okhttp3\FallbackTestClientSocketFactory.java,okhttp3.FallbackTestClientSocketFactory,class,3,2,7,0,1,2,0,1,0,1,0,0,0,0,1,1,1,0,0,0,1,0,0,30,1,0,0,0,0,1,0,1,0,1,0,0,1,0,79,1
C:\Users\tanji\Desktop\SoftwareRemodularization\raw_sourcecode\Okhttp\Okhttp_parent-4.8.1\okhttp\src\test\java\okhttp3\FormBodyTest.java,okhttp3.FormBodyTest,class,5,8,1,19,28,8,0,7,1,0,0,0,0,0,0,0,0,0,0,0,0,0,0,172,1,0,0,0,0,116,91,20,1,20,0,0,0,0,40,17
C:\Users\tanji\Desktop\SoftwareRemodularization\raw_sourcecode\Okhttp\Okhttp_parent-4.8.1\okhttp\src\test\java\okhttp3\HeadersTest.java,okhttp3.HeadersTest,class,8,109,1,53,3240,81,0,81,0,0,0,0,0,0,0,0,0,0,0,0,0,0,51,781,0,0,0,28,0,492,76,96,8,95,1,0,0,0,201,17
C:\Users\tanji\Desktop\SoftwareRemodularization\raw_sourcecode\Okhttp\Okhttp_parent-4.8.1\okhttp\src\test\java\okhttp3\HttpUrlTest.java,okhttp3.HttpUrlTest,class,10,178,1,83,13360,164,1,162,1,0,0,0,0,0,1,0,1,0,0,0,0,0,18,1484,2,0,0,12,3,1279,65,112,5,113,2,0,0,0,325,17
C:\Users\tanji\Desktop\SoftwareRemodularization\raw_sourcecode\Okhttp\Okhttp_parent-4.8.1\okhttp\src\test\java\okhttp3\InterceptorTest.java,okhttp3.InterceptorTest,class,36,63,3,86,211,47,2,35,11,0,0,0,0,0,4,0,2,2,0,0,1,0,4,765,5,0,0,15,7,110,16,111,9,87,1,3,1,34,193,17
C:\Users\tanji\Desktop\SoftwareRemodularization\raw_sourcecode\Okhttp\Okhttp_parent-4.8.1\okhttp\src\test\java\okhttp3\internal\cache2\FileOperatorTest.java,okhttp3.internal.cache2.FileOperatorTest,class,14,16,1,24,0,13,0,10,3,0,0,0,0,0,3,0,1,2,0,0,1,0,0,148,2,0,0,3,0,23,64,27,1,27,1,0,0,0,67,17
C:\Users\tanji\Desktop\SoftwareRemodularization\raw_sourcecode\Okhttp\Okhttp_parent-4.8.1\okhttp\src\test\java\okhttp3\internal\cache2\RelayTest.java,okhttp3.internal.cache2.RelayTest,class,15,15,1,34,0,12,0,10,2,0,0,0,0,0,4,0,1,3,0,0,1,0,3,184,1,0,0,1,0,34,39,38,0,38,1,0,0,1,78,17
C:\Users\tanji\Desktop\SoftwareRemodularization\raw_sourcecode\Okhttp\Okhttp_parent-4.8.1\okhttp\src\test\java\okhttp3\internal\connection\ConnectionPoolTest.java,okhttp3.internal.connection.ConnectionPoolTest,class,20,14,1,44,25,11,0,6,5,0,0,0,0,0,7,0,0,7,0,0,7,0,9,168,4,1,0,0,0,5,67,30,1,30,2,0,0,0,106,17
C:\Users\tanji\Desktop\SoftwareRemodularization\raw_sourcecode\Okhttp\Okhttp_parent-4.8.1\okhttp\src\test\java\okhttp3\internal\connection\ConnectionSpecSelectorTest.java,okhttp3.internal.connection.ConnectionSpecSelectorTest,class,9,9,1,21,26,8,3,4,4,0,0,0,0,0,2,1,1,1,0,0,1,0,9,94,3,1,0,0,0,3,1,23,0,20,1,0,0,0,57,1
C:\Users\tanji\Desktop\SoftwareRemodularization\raw_sourcecode\Okhttp\Okhttp_parent-4.8.1\okhttp\src\test\java\okhttp3\internal\connection\RouteExceptionTest.java,okhttp3.internal.connection.RouteExceptionTest,class,2,2,1,7,1,2,0,2,0,0,0,0,0,0,0,0,0,0,0,0,0,0,0,27,0,0,0,0,0,0,3,8,0,8,0,0,0,0,18,1
C:\Users\tanji\Desktop\SoftwareRemodularization\raw_sourcecode\Okhttp\Okhttp_parent-4.8.1\okhttp\src\test\java\okhttp3\internal\connection\RouteSelectorTest.java,okhttp3.internal.connection.RouteSelectorTest,class,25,26,1,48,0,20,0,17,3,0,0,0,0,0,21,6,3,18,0,0,15,0,11,383,2,0,0,5,0,19,68,87,1,79,1,1,0,0,133,17
C:\Users\tanji\Desktop\SoftwareRemodularization\raw_sourcecode\Okhttp\Okhttp_parent-4.8.1\okhttp\src\test\java\okhttp3\internal\DoubleInetAddressDns.java,okhttp3.internal.DoubleInetAddressDns,class,1,1,1,3,0,1,0,1,0,0,0,0,0,0,0,0,0,0,0,0,0,0,1,12,1,0,0,0,0,0,2,1,0,1,0,0,0,0,33,1
C:\Users\tanji\Desktop\SoftwareRemodularization\raw_sourcecode\Okhttp\Okhttp_parent-4.8.1\okhttp\src\test\java\okhttp3\internal\http\ExternalHttp2Example.java,okhttp3.internal.http.ExternalHttp2Example,class,4,2,1,16,0,1,1,1,0,0,0,0,0,0,0,0,0,0,0,0,0,0,0,29,0,1,0,1,1,2,0,4,1,4,2,0,0,0,19,17
C:\Users\tanji\Desktop\SoftwareRemodularization\raw_sourcecode\Okhttp\Okhttp_parent-4.8.1\okhttp\src\test\java\okhttp3\internal\http\RecordingProxySelector.java,okhttp3.internal.http.RecordingProxySelector,class,0,4,2,8,4,4,0,4,0,0,0,0,0,0,3,0,3,0,0,0,3,0,0,32,2,0,0,0,0,2,0,4,0,4,0,0,0,0,28,17
C:\Users\tanji\Desktop\SoftwareRemodularization\raw_sourcecode\Okhttp\Okhttp_parent-4.8.1\okhttp\src\test\java\okhttp3\internal\http\StatusLineTest.java,okhttp3.internal.http.StatusLineTest,class,3,11,1,5,45,10,0,9,1,0,0,0,0,0,0,0,0,0,0,0,0,0,0,86,0,0,0,1,0,41,7,11,3,11,1,0,0,0,50,17
C:\Users\tanji\Desktop\SoftwareRemodularization\raw_sourcecode\Okhttp\Okhttp_parent-4.8.1\okhttp\src\test\java\okhttp3\internal\http\ThreadInterruptTest.java,okhttp3.internal.http.ThreadInterruptTest,class,21,10,1,27,9,6,0,4,2,0,0,0,0,0,5,1,2,3,0,0,3,0,6,122,0,1,0,3,0,3,12,13,3,13,2,3,0,1,74,17
C:\Users\tanji\Desktop\SoftwareRemodularization\raw_sourcecode\Okhttp\Okhttp_parent-4.8.1\okhttp\src\test\java\okhttp3\internal\http2\BaseTestHandler.java,okhttp3.internal.http2.BaseTestHandler,class,6,11,1,1,55,11,0,11,0,0,0,0,0,0,0,0,0,0,0,0,0,0,0,46,0,0,0,0,0,0,0,0,0,0,0,0,0,0,42,0
C:\Users\tanji\Desktop\SoftwareRemodularization\raw_sourcecode\Okhttp\Okhttp_parent-4.8.1\okhttp\src\test\java\okhttp3\internal\http2\FrameLogTest.java,okhttp3.internal.http2.FrameLogTest,class,2,7,1,7,15,6,0,5,1,0,0,0,0,0,0,0,0,0,0,0,0,0,0,135,1,1,0,0,0,82,48,2,0,2,0,0,0,0,71,17
C:\Users\tanji\Desktop\SoftwareRemodularization\raw_sourcecode\Okhttp\Okhttp_parent-4.8.1\okhttp\src\test\java\okhttp3\internal\http2\HpackTest.java,okhttp3.internal.http2.HpackTest,class,15,81,1,50,290,72,0,54,18,0,0,0,0,0,4,0,0,4,0,0,1,0,9,753,4,2,0,7,0,256,397,49,21,39,1,0,0,0,262,17
C:\Users\tanji\Desktop\SoftwareRemodularization\raw_sourcecode\Okhttp\Okhttp_parent-4.8.1\okhttp\src\test\java\okhttp3\internal\http2\Http2ConnectionTest.java,okhttp3.internal.http2.Http2ConnectionTest,class,34,100,1,113,0,67,1,60,6,0,0,0,0,0,3,1,1,1,0,0,3,0,22,1524,5,8,0,24,1,286,357,266,14,265,2,3,1,0,375,17
C:\Users\tanji\Desktop\SoftwareRemodularization\raw_sourcecode\Okhttp\Okhttp_parent-4.8.1\okhttp\src\test\java\okhttp3\internal\http2\Http2Test.java,okhttp3.internal.http2.Http2Test,class,21,57,1,53,104,44,3,32,12,0,0,0,0,0,3,0,0,0,0,0,3,0,45,620,11,1,0,12,5,34,119,60,15,57,1,16,0,0,191,17
C:\Users\tanji\Desktop\SoftwareRemodularization\raw_sourcecode\Okhttp\Okhttp_parent-4.8.1\okhttp\src\test\java\okhttp3\internal\http2\HttpOverHttp2Test.java,okhttp3.internal.http2.HttpOverHttp2Test,class,59,84,2,155,0,66,1,58,8,0,0,0,0,0,11,1,4,7,0,0,7,0,27,1416,6,3,3,13,3,304,144,238,7,215,2,12,2,1,428,17
C:\Users\tanji\Desktop\SoftwareRemodularization\raw_sourcecode\Okhttp\Okhttp_parent-4.8.1\okhttp\src\test\java\okhttp3\internal\http2\HuffmanTest.java,okhttp3.internal.http2.HuffmanTest,class,5,3,1,14,1,2,0,1,1,0,0,0,0,0,0,0,0,0,0,0,0,0,0,28,0,1,0,0,0,1,4,6,0,6,1,0,0,0,34,17
C:\Users\tanji\Desktop\SoftwareRemodularization\raw_sourcecode\Okhttp\Okhttp_parent-4.8.1\okhttp\src\test\java\okhttp3\internal\http2\MockHttp2Peer.java,okhttp3.internal.http2.MockHttp2Peer,class,10,26,1,31,24,12,0,11,1,0,0,0,0,1,11,1,0,11,0,0,5,0,2,242,9,1,3,0,1,5,5,31,5,25,3,0,2,1,146,17
C:\Users\tanji\Desktop\SoftwareRemodularization\raw_sourcecode\Okhttp\Okhttp_parent-4.8.1\okhttp\src\test\java\okhttp3\internal\http2\SettingsTest.java,okhttp3.internal.http2.SettingsTest,class,2,3,1,14,3,3,0,3,0,0,0,0,0,0,0,0,0,0,0,0,0,0,0,50,0,0,0,0,0,0,28,4,0,4,0,0,0,0,32,17
C:\Users\tanji\Desktop\SoftwareRemodularization\raw_sourcecode\Okhttp\Okhttp_parent-4.8.1\okhttp\src\test\java\okhttp3\internal\io\FaultyFileSystem.java,okhttp3.internal.io.FaultyFileSystem,class,5,20,2,11,0,13,0,13,0,0,0,0,0,0,4,0,0,4,0,0,4,0,0,81,6,0,0,0,0,4,0,4,1,4,1,0,1,0,35,17
C:\Users\tanji\Desktop\SoftwareRemodularization\raw_sourcecode\Okhttp\Okhttp_parent-4.8.1\okhttp\src\test\java\okhttp3\internal\platform\Jdk8WithJettyBootPlatformTest.java,okhttp3.internal.platform.Jdk8WithJettyBootPlatformTest,class,4,2,1,9,1,2,0,2,0,0,0,0,0,0,1,0,1,0,0,0,1,0,2,21,0,0,0,0,0,4,0,1,0,1,0,0,0,0,18,1
C:\Users\tanji\Desktop\SoftwareRemodularization\raw_sourcecode\Okhttp\Okhttp_parent-4.8.1\okhttp\src\test\java\okhttp3\internal\platform\Jdk9PlatformTest.java,okhttp3.internal.platform.Jdk9PlatformTest,class,6,5,1,10,0,4,0,4,0,0,0,0,0,0,1,0,1,0,0,0,1,0,0,39,0,0,0,1,0,2,0,2,0,2,1,1,0,0,36,1
C:\Users\tanji\Desktop\SoftwareRemodularization\raw_sourcecode\Okhttp\Okhttp_parent-4.8.1\okhttp\src\test\java\okhttp3\internal\platform\PlatformTest.java,okhttp3.internal.platform.PlatformTest,class,5,5,1,7,10,5,1,5,0,0,0,0,0,0,1,0,1,0,0,0,0,0,1,27,1,0,0,0,0,4,0,1,0,1,0,0,0,0,28,1
C:\Users\tanji\Desktop\SoftwareRemodularization\raw_sourcecode\Okhttp\Okhttp_parent-4.8.1\okhttp\src\test\java\okhttp3\internal\publicsuffix\PublicSuffixDatabaseTest.java,okhttp3.internal.publicsuffix.PublicSuffixDatabaseTest,class,8,17,1,25,0,10,0,9,1,0,0,0,0,0,1,0,0,1,0,0,1,0,2,223,2,2,3,2,0,179,0,25,2,23,2,0,0,0,80,17
C:\Users\tanji\Desktop\SoftwareRemodularization\raw_sourcecode\Okhttp\Okhttp_parent-4.8.1\okhttp\src\test\java\okhttp3\internal\publicsuffix\PublicSuffixListGenerator.java,okhttp3.internal.publicsuffix.PublicSuffixListGenerator,class,9,15,1,33,0,2,2,1,1,0,0,0,0,0,5,5,0,5,0,0,5,0,2,97,0,4,1,4,0,32,9,24,8,21,3,0,0,0,141,17
C:\Users\tanji\Desktop\SoftwareRemodularization\raw_sourcecode\Okhttp\Okhttp_parent-4.8.1\okhttp\src\test\java\okhttp3\internal\RecordingAuthenticator.java,okhttp3.internal.RecordingAuthenticator,class,0,3,2,11,1,3,0,2,0,1,0,0,0,0,3,1,3,0,0,0,3,0,0,27,1,0,0,0,0,11,0,3,1,3,0,0,0,0,38,17
C:\Users\tanji\Desktop\SoftwareRemodularization\raw_sourcecode\Okhttp\Okhttp_parent-4.8.1\okhttp\src\test\java\okhttp3\internal\RecordingOkAuthenticator.java,okhttp3.internal.RecordingOkAuthenticator,class,6,15,1,12,2,5,0,4,1,0,0,0,0,0,4,0,4,0,0,0,2,0,0,46,7,1,5,0,0,4,5,5,0,5,1,0,0,0,28,17
C:\Users\tanji\Desktop\SoftwareRemodularization\raw_sourcecode\Okhttp\Okhttp_parent-4.8.1\okhttp\src\test\java\okhttp3\internal\SocketRecorder.java,okhttp3.internal.SocketRecorder,class,4,2,6,1,1,2,0,2,0,0,0,0,0,0,1,0,0,1,0,0,1,0,0,148,2,0,0,0,0,0,0,1,0,1,0,1,4,0,86,17
C:\Users\tanji\Desktop\SoftwareRemodularization\raw_sourcecode\Okhttp\Okhttp_parent-4.8.1\okhttp\src\test\java\okhttp3\internal\tls\CertificatePinnerChainValidationTest.java,okhttp3.internal.tls.CertificatePinnerChainValidationTest,class,20,10,1,48,0,6,0,5,1,0,0,0,0,0,3,0,3,0,0,0,3,0,2,281,1,0,0,2,0,33,27,54,0,54,1,0,0,0,97,17
C:\Users\tanji\Desktop\SoftwareRemodularization\raw_sourcecode\Okhttp\Okhttp_parent-4.8.1\okhttp\src\test\java\okhttp3\internal\tls\ClientAuthTest.java,okhttp3.internal.tls.ClientAuthTest,class,20,22,1,53,0,11,0,9,2,0,0,0,0,0,9,0,3,6,0,0,3,0,3,262,2,0,0,5,0,47,17,48,0,45,1,0,0,0,100,17
C:\Users\tanji\Desktop\SoftwareRemodularization\raw_sourcecode\Okhttp\Okhttp_parent-4.8.1\okhttp\src\test\java\okhttp3\internal\tls\HostnameVerifierTest.java,okhttp3.internal.tls.HostnameVerifierTest,class,5,19,1,12,0,19,0,17,2,0,0,0,0,0,1,0,0,1,0,0,0,0,1,446,2,0,0,0,0,387,0,18,15,18,0,0,0,0,415,17
C:\Users\tanji\Desktop\SoftwareRemodularization\raw_sourcecode\Okhttp\Okhttp_parent-4.8.1\okhttp\src\test\java\okhttp3\internal\ws\RealWebSocketTest.java,okhttp3.internal.ws.RealWebSocketTest,class,10,29,2,37,0,28,0,28,0,0,0,0,0,0,5,0,0,5,0,0,3,0,9,340,0,0,0,1,0,83,79,21,7,19,1,0,1,0,174,17
C:\Users\tanji\Desktop\SoftwareRemodularization\raw_sourcecode\Okhttp\Okhttp_parent-4.8.1\okhttp\src\test\java\okhttp3\internal\ws\WebSocketHttpTest.java,okhttp3.internal.ws.WebSocketHttpTest,class,36,67,1,98,0,60,0,52,8,0,0,0,0,0,10,0,3,5,0,0,9,0,17,700,4,3,0,3,1,141,109,102,10,92,1,7,0,3,289,17
C:\Users\tanji\Desktop\SoftwareRemodularization\raw_sourcecode\Okhttp\Okhttp_parent-4.8.1\okhttp\src\test\java\okhttp3\internal\ws\WebSocketReaderTest.java,okhttp3.internal.ws.WebSocketReaderTest,class,9,67,1,25,0,44,0,43,1,0,0,0,0,0,7,0,0,3,0,0,7,0,0,374,1,2,0,21,0,105,19,13,1,13,2,0,0,0,109,17
C:\Users\tanji\Desktop\SoftwareRemodularization\raw_sourcecode\Okhttp\Okhttp_parent-4.8.1\okhttp\src\test\java\okhttp3\internal\ws\WebSocketRecorder.java,okhttp3.internal.ws.WebSocketRecorder,class,17,37,2,19,151,22,0,21,1,0,0,0,0,0,3,0,0,3,0,0,2,0,0,318,3,0,1,1,6,18,2,32,11,26,2,1,7,0,83,17
C:\Users\tanji\Desktop\SoftwareRemodularization\raw_sourcecode\Okhttp\Okhttp_parent-4.8.1\okhttp\src\test\java\okhttp3\internal\ws\WebSocketWriterTest.java,okhttp3.internal.ws.WebSocketWriterTest,class,11,40,1,23,94,33,1,30,3,0,0,0,0,0,5,0,1,4,0,0,5,0,5,224,1,2,0,5,0,56,21,18,3,18,1,1,0,1,120,17
C:\Users\tanji\Desktop\SoftwareRemodularization\raw_sourcecode\Okhttp\Okhttp_parent-4.8.1\okhttp\src\test\java\okhttp3\MediaTypeTest.java,okhttp3.MediaTypeTest,class,8,27,1,20,270,24,1,21,3,0,0,0,0,0,1,0,1,0,0,0,0,0,1,194,2,0,0,1,0,129,0,19,1,20,2,0,0,0,116,1
C:\Users\tanji\Desktop\SoftwareRemodularization\raw_sourcecode\Okhttp\Okhttp_parent-4.8.1\okhttp\src\test\java\okhttp3\MultipartBodyTest.java,okhttp3.MultipartBodyTest,class,5,13,2,28,45,10,0,10,0,0,0,0,0,0,0,0,0,0,0,0,0,0,0,248,0,0,0,3,0,153,10,23,6,23,1,0,1,0,86,17
C:\Users\tanji\Desktop\SoftwareRemodularization\raw_sourcecode\Okhttp\Okhttp_parent-4.8.1\okhttp\src\test\java\okhttp3\OkHttpClientTest.java,okhttp3.OkHttpClientTest,class,18,43,1,77,246,24,0,24,0,0,0,0,0,0,6,3,3,3,0,0,5,0,25,329,0,0,0,19,2,11,20,40,2,38,1,2,0,4,180,17
C:\Users\tanji\Desktop\SoftwareRemodularization\raw_sourcecode\Okhttp\Okhttp_parent-4.8.1\okhttp\src\test\java\okhttp3\ProtocolTest.java,okhttp3.ProtocolTest,class,1,3,1,4,3,3,0,3,0,0,0,0,0,0,0,0,0,0,0,0,0,0,0,28,0,0,0,0,0,13,0,0,0,0,0,0,0,0,14,1
C:\Users\tanji\Desktop\SoftwareRemodularization\raw_sourcecode\Okhttp\Okhttp_parent-4.8.1\okhttp\src\test\java\okhttp3\PublicInternalApiTest.java,okhttp3.PublicInternalApiTest,class,3,3,1,11,3,3,0,3,0,0,0,0,0,0,0,0,0,0,0,0,0,0,0,25,0,0,0,0,0,7,1,2,0,2,0,0,0,0,15,1
C:\Users\tanji\Desktop\SoftwareRemodularization\raw_sourcecode\Okhttp\Okhttp_parent-4.8.1\okhttp\src\test\java\okhttp3\RecordedResponse.java,okhttp3.RecordedResponse,class,9,28,1,39,28,24,0,22,2,0,0,0,0,0,5,0,5,0,0,0,5,0,1,140,22,2,0,0,0,5,2,11,1,10,2,0,0,0,85,17
C:\Users\tanji\Desktop\SoftwareRemodularization\raw_sourcecode\Okhttp\Okhttp_parent-4.8.1\okhttp\src\test\java\okhttp3\RecordingCallback.java,okhttp3.RecordingCallback,class,5,7,1,14,0,3,0,3,0,0,0,0,0,3,2,1,1,1,0,0,2,0,2,35,1,2,0,0,0,1,1,7,3,7,3,0,0,0,57,1
C:\Users\tanji\Desktop\SoftwareRemodularization\raw_sourcecode\Okhttp\Okhttp_parent-4.8.1\okhttp\src\test\java\okhttp3\RecordingWebSocketListener.java,okhttp3.RecordingWebSocketListener,class,5,6,2,0,15,6,0,6,0,0,0,0,0,0,0,0,0,0,0,0,0,0,0,17,0,0,0,0,0,0,0,0,0,0,0,0,0,0,18,17
C:\Users\tanji\Desktop\SoftwareRemodularization\raw_sourcecode\Okhttp\Okhttp_parent-4.8.1\okhttp\src\test\java\okhttp3\RequestTest.java,okhttp3.RequestTest,class,8,39,1,47,378,28,0,26,2,0,0,0,0,0,0,0,0,0,0,0,0,0,7,315,1,0,0,11,0,108,11,58,0,58,1,0,0,0,131,17
C:\Users\tanji\Desktop\SoftwareRemodularization\raw_sourcecode\Okhttp\Okhttp_parent-4.8.1\okhttp\src\test\java\okhttp3\ResponseBodyTest.java,okhttp3.ResponseBodyTest,class,9,48,1,29,861,42,3,39,0,0,0,0,0,0,0,0,0,0,0,0,0,0,38,414,3,1,1,4,7,61,27,58,1,58,1,20,0,0,93,17
C:\Users\tanji\Desktop\SoftwareRemodularization\raw_sourcecode\Okhttp\Okhttp_parent-4.8.1\okhttp\src\test\java\okhttp3\ResponseTest.java,okhttp3.ResponseTest,class,9,10,1,22,36,9,0,6,3,0,0,0,0,0,0,0,0,0,0,0,0,0,0,81,3,0,0,1,0,15,9,11,0,11,1,1,0,1,68,17
C:\Users\tanji\Desktop\SoftwareRemodularization\raw_sourcecode\Okhttp\Okhttp_parent-4.8.1\okhttp\src\test\java\okhttp3\SocksProxy.java,okhttp3.SocksProxy,class,6,20,1,32,10,8,0,4,4,0,0,0,0,0,13,9,1,12,0,0,11,0,7,198,2,1,1,0,0,14,23,32,8,30,2,0,0,3,105,17
C:\Users\tanji\Desktop\SoftwareRemodularization\raw_sourcecode\Okhttp\Okhttp_parent-4.8.1\okhttp\src\test\java\okhttp3\SocksProxyTest.java,okhttp3.SocksProxyTest,class,16,5,1,19,0,5,0,5,0,0,0,0,0,0,4,0,3,1,0,0,4,0,0,74,0,0,0,0,0,12,3,17,0,17,0,1,0,0,53,17
C:\Users\tanji\Desktop\SoftwareRemodularization\raw_sourcecode\Okhttp\Okhttp_parent-4.8.1\okhttp\src\test\java\okhttp3\TestLogHandler.java,okhttp3.TestLogHandler,class,5,8,2,7,15,7,0,7,0,0,0,0,0,0,2,0,0,2,0,0,2,0,1,54,3,0,1,0,0,2,1,4,1,4,1,1,0,0,47,17
C:\Users\tanji\Desktop\SoftwareRemodularization\raw_sourcecode\Okhttp\Okhttp_parent-4.8.1\okhttp\src\test\java\okhttp3\TestTls13Request.java,okhttp3.TestTls13Request,class,8,7,1,34,10,5,4,1,4,0,0,0,0,0,3,3,0,3,0,0,3,0,11,78,1,1,0,2,0,28,1,7,2,7,2,0,0,0,70,1
C:\Users\tanji\Desktop\SoftwareRemodularization\raw_sourcecode\Okhttp\Okhttp_parent-4.8.1\okhttp\src\test\java\okhttp3\UrlComponentEncodingTester.java,okhttp3.UrlComponentEncodingTester,class,7,42,1,36,205,22,1,13,9,0,0,4,0,0,6,3,0,6,0,0,6,0,0,333,13,3,3,1,0,14,37,35,0,35,2,9,0,0,157,0
C:\Users\tanji\Desktop\SoftwareRemodularization\raw_sourcecode\Okhttp\Okhttp_parent-4.8.1\okhttp\src\test\java\okhttp3\URLConnectionTest.java,okhttp3.URLConnectionTest,class,69,350,1,234,12132,261,0,218,40,0,0,3,0,0,8,0,5,3,0,0,5,0,53,3162,9,10,7,59,12,882,202,389,37,327,2,21,3,1,765,17
C:\Users\tanji\Desktop\SoftwareRemodularization\raw_sourcecode\Okhttp\Okhttp_parent-4.8.1\okhttp\src\test\java\okhttp3\WebPlatformUrlTest.java,okhttp3.WebPlatformUrlTest,class,9,20,1,34,0,4,2,2,2,0,0,0,0,0,3,2,1,2,0,0,2,0,3,101,4,1,0,2,1,37,0,11,7,11,2,0,0,0,73,17
C:\Users\tanji\Desktop\SoftwareRemodularization\raw_sourcecode\Okhttp\Okhttp_parent-4.8.1\okhttp\src\test\java\okhttp3\WebPlatformUrlTestData.java,okhttp3.WebPlatformUrlTestData,class,3,30,1,18,6,5,2,3,2,0,0,0,0,0,10,0,0,0,0,0,0,0,4,118,4,3,1,0,2,22,7,29,3,21,2,0,0,0,91,17
C:\Users\tanji\Desktop\SoftwareRemodularization\raw_sourcecode\Okhttp\Okhttp_parent-4.8.1\okhttp\src\test\java\okhttp3\WholeOperationTimeoutTest.java,okhttp3.WholeOperationTimeoutTest,class,18,17,1,35,0,12,0,11,1,0,0,0,0,0,4,1,2,2,0,0,4,0,3,259,1,0,0,5,0,28,31,36,1,36,1,4,0,0,96,17
C:\Users\tanji\Desktop\SoftwareRemodularization\raw_sourcecode\Okhttp\Okhttp_parent-4.8.1\okhttp-brotli\src\test\java\okhttp3\brotli\BrotliInterceptorJavaApiTest.java,okhttp3.brotli.BrotliInterceptorJavaApiTest,class,2,1,1,1,0,1,0,1,0,0,0,0,0,0,0,0,0,0,0,0,0,0,0,9,0,0,0,0,0,0,0,0,0,0,0,0,0,0,7,1
C:\Users\tanji\Desktop\SoftwareRemodularization\raw_sourcecode\Okhttp\Okhttp_parent-4.8.1\okhttp-dnsoverhttps\src\test\java\okhttp3\dnsoverhttps\DnsOverHttpsTest.java,okhttp3.dnsoverhttps.DnsOverHttpsTest,class,20,15,1,42,0,11,1,8,3,0,0,0,0,0,4,0,2,2,0,0,3,0,15,175,3,0,0,4,0,68,12,27,12,23,1,0,0,0,78,1
C:\Users\tanji\Desktop\SoftwareRemodularization\raw_sourcecode\Okhttp\Okhttp_parent-4.8.1\okhttp-dnsoverhttps\src\test\java\okhttp3\dnsoverhttps\DnsRecordCodecTest.java,okhttp3.dnsoverhttps.DnsRecordCodecTest,class,2,8,1,12,21,7,0,6,1,0,0,0,0,0,0,0,0,0,0,0,0,0,3,54,1,0,0,1,0,26,0,5,4,5,1,0,0,0,29,1
C:\Users\tanji\Desktop\SoftwareRemodularization\raw_sourcecode\Okhttp\Okhttp_parent-4.8.1\okhttp-dnsoverhttps\src\test\java\okhttp3\dnsoverhttps\DohProviders.java,okhttp3.dnsoverhttps.DohProviders,class,4,14,1,17,45,10,10,1,1,0,0,0,0,0,0,0,0,0,0,0,0,0,16,86,10,0,0,1,0,16,0,1,0,1,1,0,0,0,54,1
C:\Users\tanji\Desktop\SoftwareRemodularization\raw_sourcecode\Okhttp\Okhttp_parent-4.8.1\okhttp-dnsoverhttps\src\test\java\okhttp3\dnsoverhttps\TestDohMain.java,okhttp3.dnsoverhttps.TestDohMain,class,8,7,1,30,1,2,2,1,1,0,0,0,0,0,0,0,0,0,0,0,0,0,14,71,0,3,0,2,2,15,5,16,7,10,4,0,0,0,45,1
C:\Users\tanji\Desktop\SoftwareRemodularization\raw_sourcecode\Okhttp\Okhttp_parent-4.8.1\okhttp-hpacktests\src\test\java\okhttp3\internal\http2\HpackDecodeInteropTest.java,okhttp3.internal.http2.HpackDecodeInteropTest,class,7,3,2,5,3,3,1,3,0,0,0,0,0,0,0,0,0,0,0,0,0,0,2,23,1,0,1,0,0,2,0,0,0,0,0,0,0,0,20,1
C:\Users\tanji\Desktop\SoftwareRemodularization\raw_sourcecode\Okhttp\Okhttp_parent-4.8.1\okhttp-hpacktests\src\test\java\okhttp3\internal\http2\HpackDecodeTestBase.java,okhttp3.internal.http2.HpackDecodeTestBase,class,9,10,1,16,0,6,2,1,1,4,0,0,0,0,3,0,0,3,0,0,3,0,4,53,3,3,1,0,0,1,2,5,0,5,2,0,0,0,67,1
C:\Users\tanji\Desktop\SoftwareRemodularization\raw_sourcecode\Okhttp\Okhttp_parent-4.8.1\okhttp-hpacktests\src\test\java\okhttp3\internal\http2\hpackjson\Case.java,okhttp3.internal.http2.hpackjson.Case,class,4,7,1,9,0,5,0,4,0,1,0,0,0,0,3,0,0,3,0,0,0,0,0,40,4,2,0,0,0,0,0,7,0,6,1,0,0,0,42,1
C:\Users\tanji\Desktop\SoftwareRemodularization\raw_sourcecode\Okhttp\Okhttp_parent-4.8.1\okhttp-hpacktests\src\test\java\okhttp3\internal\http2\hpackjson\HpackJsonUtil.java,okhttp3.internal.http2.hpackjson.HpackJsonUtil,class,5,14,1,24,8,5,4,2,3,0,0,0,0,0,4,4,0,4,0,0,4,0,4,71,5,2,2,2,0,4,4,13,0,13,4,0,0,0,78,17
C:\Users\tanji\Desktop\SoftwareRemodularization\raw_sourcecode\Okhttp\Okhttp_parent-4.8.1\okhttp-hpacktests\src\test\java\okhttp3\internal\http2\hpackjson\Story.java,okhttp3.internal.http2.hpackjson.Story,class,2,7,1,3,0,5,0,4,0,0,0,0,0,0,5,1,1,4,0,0,1,0,0,38,4,1,0,0,0,1,0,7,0,6,1,0,0,0,54,1
C:\Users\tanji\Desktop\SoftwareRemodularization\raw_sourcecode\Okhttp\Okhttp_parent-4.8.1\okhttp-hpacktests\src\test\java\okhttp3\internal\http2\HpackRoundTripTest.java,okhttp3.internal.http2.HpackRoundTripTest,class,11,4,2,10,1,3,1,3,0,0,0,0,0,0,3,1,0,3,0,0,1,0,1,32,1,1,1,0,0,3,0,4,0,4,1,0,0,0,36,1
C:\Users\tanji\Desktop\SoftwareRemodularization\raw_sourcecode\Okhttp\Okhttp_parent-4.8.1\okhttp-logging-interceptor\src\test\java\okhttp3\logging\HttpLoggingInterceptorTest.java,okhttp3.logging.HttpLoggingInterceptorTest,class,27,37,1,52,0,33,0,30,3,0,0,0,0,0,13,1,2,11,0,0,9,0,0,803,1,2,0,2,0,443,12,51,107,45,1,3,1,3,164,17
C:\Users\tanji\Desktop\SoftwareRemodularization\raw_sourcecode\Okhttp\Okhttp_parent-4.8.1\okhttp-logging-interceptor\src\test\java\okhttp3\logging\LoggingEventListenerTest.java,okhttp3.logging.LoggingEventListenerTest,class,23,10,2,43,0,8,0,7,1,0,0,0,0,0,8,1,2,6,0,0,6,0,1,230,1,0,0,2,0,103,1,17,29,14,1,0,1,1,94,17
C:\Users\tanji\Desktop\SoftwareRemodularization\raw_sourcecode\Okhttp\Okhttp_parent-4.8.1\okhttp-sse\src\test\java\okhttp3\internal\sse\Event.java,okhttp3.internal.sse.Event,class,2,7,1,4,0,4,0,3,0,0,0,0,0,0,3,0,0,0,0,0,3,0,4,31,5,0,2,0,1,5,2,7,5,5,0,0,0,0,19,16
C:\Users\tanji\Desktop\SoftwareRemodularization\raw_sourcecode\Okhttp\Okhttp_parent-4.8.1\okhttp-sse\src\test\java\okhttp3\internal\sse\EventSourceHttpTest.java,okhttp3.internal.sse.EventSourceHttpTest,class,17,11,1,28,0,10,0,8,2,0,0,0,0,0,5,0,3,2,0,0,4,0,0,108,2,0,0,0,0,46,5,14,5,12,1,0,0,0,52,17
C:\Users\tanji\Desktop\SoftwareRemodularization\raw_sourcecode\Okhttp\Okhttp_parent-4.8.1\okhttp-sse\src\test\java\okhttp3\internal\sse\EventSourceRecorder.java,okhttp3.internal.sse.EventSourceRecorder,class,9,16,2,10,15,10,0,9,1,0,0,0,0,0,1,0,0,1,0,0,1,0,0,113,2,0,1,1,6,8,1,6,3,6,2,0,3,0,39,17
C:\Users\tanji\Desktop\SoftwareRemodularization\raw_sourcecode\Okhttp\Okhttp_parent-4.8.1\okhttp-sse\src\test\java\okhttp3\internal\sse\ServerSentEventIteratorTest.java,okhttp3.internal.sse.ServerSentEventIteratorTest,class,6,19,1,10,0,18,0,17,1,0,0,0,0,0,1,0,0,1,0,0,1,0,0,189,0,1,0,0,0,136,3,4,17,4,0,1,0,0,70,17
C:\Users\tanji\Desktop\SoftwareRemodularization\raw_sourcecode\Okhttp\Okhttp_parent-4.8.1\okhttp-tls\src\test\java\okhttp3\tls\CertificatesJavaTest.java,okhttp3.tls.CertificatesJavaTest,class,1,1,1,3,0,1,0,1,0,0,0,0,0,0,0,0,0,0,0,0,0,0,0,24,0,0,0,0,0,12,0,2,1,2,0,0,0,0,33,1
C:\Users\tanji\Desktop\SoftwareRemodularization\raw_sourcecode\Okhttp\Okhttp_parent-4.8.1\okhttp-tls\src\test\java\okhttp3\tls\HandshakeCertificatesTest.java,okhttp3.tls.HandshakeCertificatesTest,class,12,11,1,43,31,10,1,6,4,0,0,0,0,0,3,0,1,2,0,0,0,0,12,174,4,0,0,0,0,5,8,25,0,25,1,0,0,4,64,17
C:\Users\tanji\Desktop\SoftwareRemodularization\raw_sourcecode\Okhttp\Okhttp_parent-4.8.1\okhttp-tls\src\test\java\okhttp3\tls\HeldCertificateTest.java,okhttp3.tls.HeldCertificateTest,class,6,25,1,46,103,15,0,15,0,0,0,0,0,0,1,0,1,0,0,0,0,0,9,405,0,0,0,7,2,224,20,44,25,44,2,0,0,0,423,17
C:\Users\tanji\Desktop\SoftwareRemodularization\raw_sourcecode\Okhttp\Okhttp_parent-4.8.1\samples\crawler\src\main\java\okhttp3\sample\Crawler.java,okhttp3.sample.Crawler,class,9,19,1,40,0,5,1,3,2,0,0,0,0,0,4,0,0,4,0,0,4,0,3,107,4,3,3,2,2,12,10,26,3,25,2,0,0,1,73,17
C:\Users\tanji\Desktop\SoftwareRemodularization\raw_sourcecode\Okhttp\Okhttp_parent-4.8.1\samples\guide\src\main\java\okhttp3\guide\GetExample.java,okhttp3.guide.GetExample,class,4,2,1,8,1,2,1,1,0,0,0,0,0,0,1,0,0,0,0,0,0,0,0,21,1,0,0,1,0,1,0,5,0,5,1,0,0,0,21,1
C:\Users\tanji\Desktop\SoftwareRemodularization\raw_sourcecode\Okhttp\Okhttp_parent-4.8.1\samples\guide\src\main\java\okhttp3\guide\PostExample.java,okhttp3.guide.PostExample,class,6,3,1,12,3,3,1,1,0,0,0,0,0,0,2,1,1,0,0,0,1,0,0,38,2,0,0,1,0,15,0,8,2,8,1,0,0,0,32,1
C:\Users\tanji\Desktop\SoftwareRemodularization\raw_sourcecode\Okhttp\Okhttp_parent-4.8.1\samples\guide\src\main\java\okhttp3\recipes\AccessHeaders.java,okhttp3.recipes.AccessHeaders,class,4,3,1,11,1,2,1,2,0,0,0,0,0,0,1,0,0,1,0,0,1,0,0,25,0,0,0,1,0,14,0,3,4,3,1,0,0,0,22,17
C:\Users\tanji\Desktop\SoftwareRemodularization\raw_sourcecode\Okhttp\Okhttp_parent-4.8.1\samples\guide\src\main\java\okhttp3\recipes\AsynchronousGet.java,okhttp3.recipes.AsynchronousGet,class,5,2,1,5,1,2,1,2,0,0,0,0,0,0,1,0,0,1,0,0,1,0,0,35,0,0,0,0,0,1,0,2,0,2,0,1,0,0,26,17
C:\Users\tanji\Desktop\SoftwareRemodularization\raw_sourcecode\Okhttp\Okhttp_parent-4.8.1\samples\guide\src\main\java\okhttp3\recipes\Authenticate.java,okhttp3.recipes.Authenticate,class,5,4,1,10,1,3,1,3,0,0,0,0,0,0,1,0,0,1,0,0,1,0,0,40,0,0,0,1,0,2,0,3,1,3,1,1,0,0,22,17
C:\Users\tanji\Desktop\SoftwareRemodularization\raw_sourcecode\Okhttp\Okhttp_parent-4.8.1\samples\guide\src\main\java\okhttp3\recipes\CacheResponse.java,okhttp3.recipes.CacheResponse,class,5,5,1,14,1,3,1,3,0,0,0,0,0,0,1,0,0,1,0,0,1,0,0,42,0,0,0,2,0,11,3,8,10,8,1,0,0,0,24,17
C:\Users\tanji\Desktop\SoftwareRemodularization\raw_sourcecode\Okhttp\Okhttp_parent-4.8.1\samples\guide\src\main\java\okhttp3\recipes\CancelCall.java,okhttp3.recipes.CancelCall,class,5,3,1,9,1,2,1,2,0,0,0,0,0,0,2,0,0,2,0,0,2,0,5,36,0,0,0,1,3,4,5,6,6,6,1,0,0,1,35,1
C:\Users\tanji\Desktop\SoftwareRemodularization\raw_sourcecode\Okhttp\Okhttp_parent-4.8.1\samples\guide\src\main\java\okhttp3\recipes\CertificatePinning.java,okhttp3.recipes.CertificatePinning,class,5,4,1,12,1,2,1,2,0,0,0,0,0,0,1,0,0,1,0,0,1,0,0,29,0,1,0,1,0,4,0,3,1,3,2,0,0,0,33,17
C:\Users\tanji\Desktop\SoftwareRemodularization\raw_sourcecode\Okhttp\Okhttp_parent-4.8.1\samples\guide\src\main\java\okhttp3\recipes\CheckHandshake.java,okhttp3.recipes.CheckHandshake,class,6,3,1,10,1,2,1,2,0,0,0,0,0,0,2,1,0,2,0,0,2,0,0,40,0,0,0,1,0,2,0,4,1,4,1,1,0,0,54,17
C:\Users\tanji\Desktop\SoftwareRemodularization\raw_sourcecode\Okhttp\Okhttp_parent-4.8.1\samples\guide\src\main\java\okhttp3\recipes\ConfigureTimeouts.java,okhttp3.recipes.ConfigureTimeouts,class,4,3,1,10,1,3,1,3,0,0,0,0,0,0,1,0,0,1,0,0,1,0,0,27,0,0,0,1,0,2,4,3,1,3,1,0,0,0,15,17
C:\Users\tanji\Desktop\SoftwareRemodularization\raw_sourcecode\Okhttp\Okhttp_parent-4.8.1\samples\guide\src\main\java\okhttp3\recipes\CurrentDateHeader.java,okhttp3.recipes.CurrentDateHeader,class,6,2,1,9,1,2,1,2,0,0,0,0,0,0,1,0,0,1,0,0,1,0,0,37,0,0,0,1,0,2,0,3,0,3,1,0,1,0,23,17
C:\Users\tanji\Desktop\SoftwareRemodularization\raw_sourcecode\Okhttp\Okhttp_parent-4.8.1\samples\guide\src\main\java\okhttp3\recipes\CustomCipherSuites.java,okhttp3.recipes.CustomCipherSuites,class,7,10,3,30,13,6,1,3,3,0,0,0,0,0,1,0,0,1,0,0,1,0,6,119,3,1,0,1,1,4,5,14,2,13,1,1,1,0,86,17
C:\Users\tanji\Desktop\SoftwareRemodularization\raw_sourcecode\Okhttp\Okhttp_parent-4.8.1\samples\guide\src\main\java\okhttp3\recipes\CustomTrust.java,okhttp3.recipes.CustomTrust,class,6,5,1,18,1,3,1,3,0,0,0,0,0,0,4,0,0,1,0,0,1,0,0,131,0,1,0,1,0,94,1,9,5,9,3,0,0,0,276,17
C:\Users\tanji\Desktop\SoftwareRemodularization\raw_sourcecode\Okhttp\Okhttp_parent-4.8.1\samples\guide\src\main\java\okhttp3\recipes\HttpsServer.java,okhttp3.recipes.HttpsServer,class,9,2,1,19,1,2,1,2,0,0,0,0,0,0,0,0,0,0,0,0,0,0,1,38,0,0,0,0,0,2,0,8,0,8,0,0,0,0,34,1
C:\Users\tanji\Desktop\SoftwareRemodularization\raw_sourcecode\Okhttp\Okhttp_parent-4.8.1\samples\guide\src\main\java\okhttp3\recipes\LoggingInterceptors.java,okhttp3.recipes.LoggingInterceptors,class,7,2,1,10,1,2,1,2,0,0,0,0,0,0,2,1,0,2,0,0,2,0,1,36,0,0,0,0,0,1,0,4,0,4,0,0,1,0,26,17
C:\Users\tanji\Desktop\SoftwareRemodularization\raw_sourcecode\Okhttp\Okhttp_parent-4.8.1\samples\guide\src\main\java\okhttp3\recipes\ParseResponseWithMoshi.java,okhttp3.recipes.ParseResponseWithMoshi,class,9,4,1,14,1,2,1,2,0,0,0,0,0,0,3,0,0,3,0,0,3,0,0,35,0,1,0,1,0,2,0,6,1,6,2,0,2,0,28,17
C:\Users\tanji\Desktop\SoftwareRemodularization\raw_sourcecode\Okhttp\Okhttp_parent-4.8.1\samples\guide\src\main\java\okhttp3\recipes\PerCallSettings.java,okhttp3.recipes.PerCallSettings,class,4,4,1,9,1,2,1,2,0,0,0,0,0,0,1,0,0,1,0,0,1,0,0,33,0,0,0,2,0,5,2,6,4,6,1,0,0,0,21,17
C:\Users\tanji\Desktop\SoftwareRemodularization\raw_sourcecode\Okhttp\Okhttp_parent-4.8.1\samples\guide\src\main\java\okhttp3\recipes\PostFile.java,okhttp3.recipes.PostFile,class,5,3,1,12,1,2,1,2,0,0,0,0,0,0,2,1,1,1,0,0,2,0,0,27,0,0,0,1,0,4,0,5,1,5,1,0,0,0,36,17
C:\Users\tanji\Desktop\SoftwareRemodularization\raw_sourcecode\Okhttp\Okhttp_parent-4.8.1\samples\guide\src\main\java\okhttp3\recipes\PostForm.java,okhttp3.recipes.PostForm,class,6,3,1,11,1,2,1,2,0,0,0,0,0,0,1,0,0,1,0,0,1,0,0,26,0,0,0,1,0,4,0,4,1,4,1,0,0,0,20,17
C:\Users\tanji\Desktop\SoftwareRemodularization\raw_sourcecode\Okhttp\Okhttp_parent-4.8.1\samples\guide\src\main\java\okhttp3\recipes\PostMultipart.java,okhttp3.recipes.PostMultipart,class,7,3,1,16,1,2,1,2,0,0,0,0,0,0,3,2,0,3,0,0,3,0,0,36,0,0,0,1,0,11,0,6,2,6,1,0,0,0,50,17
C:\Users\tanji\Desktop\SoftwareRemodularization\raw_sourcecode\Okhttp\Okhttp_parent-4.8.1\samples\guide\src\main\java\okhttp3\recipes\PostStreaming.java,okhttp3.recipes.PostStreaming,class,6,3,1,11,1,2,1,2,0,0,0,0,0,0,2,1,1,1,0,0,2,0,0,45,0,0,0,1,0,3,0,5,1,5,1,1,0,0,45,17
C:\Users\tanji\Desktop\SoftwareRemodularization\raw_sourcecode\Okhttp\Okhttp_parent-4.8.1\samples\guide\src\main\java\okhttp3\recipes\PostStreamingWithPipe.java,okhttp3.recipes.PostStreamingWithPipe,class,8,4,2,14,3,3,1,2,1,0,0,0,0,0,2,1,1,1,0,0,2,0,0,69,0,0,0,1,0,4,0,6,1,6,1,1,1,0,79,17
C:\Users\tanji\Desktop\SoftwareRemodularization\raw_sourcecode\Okhttp\Okhttp_parent-4.8.1\samples\guide\src\main\java\okhttp3\recipes\PostString.java,okhttp3.recipes.PostString,class,5,3,1,12,1,2,1,2,0,0,0,0,0,0,2,1,1,1,0,0,2,0,0,32,0,0,0,1,0,10,0,5,2,5,1,0,0,0,40,17
C:\Users\tanji\Desktop\SoftwareRemodularization\raw_sourcecode\Okhttp\Okhttp_parent-4.8.1\samples\guide\src\main\java\okhttp3\recipes\PreemptiveAuth.java,okhttp3.recipes.PreemptiveAuth,class,6,4,1,10,1,3,1,3,0,0,0,0,0,0,1,0,0,1,0,0,1,0,0,45,0,0,0,1,0,5,0,3,1,3,1,0,1,0,26,17
C:\Users\tanji\Desktop\SoftwareRemodularization\raw_sourcecode\Okhttp\Okhttp_parent-4.8.1\samples\guide\src\main\java\okhttp3\recipes\PrintEvents.java,okhttp3.recipes.PrintEvents,class,6,2,2,6,1,2,1,2,0,0,0,0,0,0,1,0,0,1,0,0,1,0,0,150,0,0,0,0,0,2,0,3,0,3,0,3,1,0,83,17
C:\Users\tanji\Desktop\SoftwareRemodularization\raw_sourcecode\Okhttp\Okhttp_parent-4.8.1\samples\guide\src\main\java\okhttp3\recipes\PrintEventsNonConcurrent.java,okhttp3.recipes.PrintEventsNonConcurrent,class,6,2,2,10,1,2,1,2,0,0,0,0,0,0,1,0,0,1,0,0,1,0,0,125,0,0,0,2,0,3,0,4,0,4,1,0,1,0,80,17
C:\Users\tanji\Desktop\SoftwareRemodularization\raw_sourcecode\Okhttp\Okhttp_parent-4.8.1\samples\guide\src\main\java\okhttp3\recipes\Progress.java,okhttp3.recipes.Progress,class,5,3,2,10,1,2,1,2,0,0,0,0,0,0,0,0,0,0,0,0,0,0,0,90,0,0,0,1,0,2,0,4,1,4,1,2,2,1,47,17
C:\Users\tanji\Desktop\SoftwareRemodularization\raw_sourcecode\Okhttp\Okhttp_parent-4.8.1\samples\guide\src\main\java\okhttp3\recipes\RequestBodyCompression.java,okhttp3.recipes.RequestBodyCompression,class,11,3,1,17,1,2,1,2,0,0,0,0,0,0,5,2,2,3,0,0,5,0,0,71,0,0,0,1,0,6,0,9,2,9,1,1,1,0,83,17
C:\Users\tanji\Desktop\SoftwareRemodularization\raw_sourcecode\Okhttp\Okhttp_parent-4.8.1\samples\guide\src\main\java\okhttp3\recipes\RewriteResponseCacheControl.java,okhttp3.recipes.RewriteResponseCacheControl,class,6,6,1,14,1,3,1,3,0,0,0,0,0,0,2,1,0,2,0,0,2,0,0,50,0,1,1,1,1,7,5,8,4,7,2,0,0,1,47,17
C:\Users\tanji\Desktop\SoftwareRemodularization\raw_sourcecode\Okhttp\Okhttp_parent-4.8.1\samples\guide\src\main\java\okhttp3\recipes\SynchronousGet.java,okhttp3.recipes.SynchronousGet,class,5,4,1,13,1,2,1,2,0,0,0,0,0,0,1,0,0,1,0,0,1,0,0,25,0,1,0,1,0,3,1,5,2,5,2,0,0,0,19,17
C:\Users\tanji\Desktop\SoftwareRemodularization\raw_sourcecode\Okhttp\Okhttp_parent-4.8.1\samples\guide\src\main\java\okhttp3\recipes\WebSocketEcho.java,okhttp3.recipes.WebSocketEcho,class,7,7,2,15,21,7,1,6,1,0,0,0,0,0,0,0,0,0,0,0,0,0,0,42,0,0,0,0,0,9,3,2,3,2,0,0,0,0,28,17
C:\Users\tanji\Desktop\SoftwareRemodularization\raw_sourcecode\Okhttp\Okhttp_parent-4.8.1\samples\simple-client\src\main\java\okhttp3\sample\OkHttpContributors.java,okhttp3.sample.OkHttpContributors,class,7,3,1,11,1,2,1,1,1,0,0,0,0,0,3,3,0,3,0,0,3,0,1,36,0,1,0,1,0,2,0,8,1,8,2,0,1,1,40,1
C:\Users\tanji\Desktop\SoftwareRemodularization\raw_sourcecode\Okhttp\Okhttp_parent-4.8.1\samples\slack\src\main\java\okhttp3\slack\OAuthSession.java,okhttp3.slack.OAuthSession,class,0,2,1,1,0,2,0,2,0,0,0,0,0,0,6,0,6,0,0,0,6,0,1,23,1,0,0,0,0,2,0,6,0,6,0,0,0,0,29,17
C:\Users\tanji\Desktop\SoftwareRemodularization\raw_sourcecode\Okhttp\Okhttp_parent-4.8.1\samples\slack\src\main\java\okhttp3\slack\OAuthSessionFactory.java,okhttp3.slack.OAuthSessionFactory,class,15,15,2,21,0,7,0,5,2,0,0,0,0,0,4,0,0,4,0,0,2,0,0,82,6,0,4,2,0,7,4,12,1,12,1,0,1,0,80,17
C:\Users\tanji\Desktop\SoftwareRemodularization\raw_sourcecode\Okhttp\Okhttp_parent-4.8.1\samples\slack\src\main\java\okhttp3\slack\RtmSession.java,okhttp3.slack.RtmSession,class,6,10,2,5,0,7,0,7,0,0,0,0,0,1,2,0,0,2,0,0,1,0,0,41,1,0,1,0,0,6,2,4,4,4,1,0,0,0,38,17
C:\Users\tanji\Desktop\SoftwareRemodularization\raw_sourcecode\Okhttp\Okhttp_parent-4.8.1\samples\slack\src\main\java\okhttp3\slack\RtmStartResponse.java,okhttp3.slack.RtmStartResponse,class,1,0,1,0,0,0,0,0,0,0,0,0,0,0,9,0,0,0,0,0,0,0,0,14,0,0,0,0,0,0,0,0,0,9,-1,0,0,0,17,17
C:\Users\tanji\Desktop\SoftwareRemodularization\raw_sourcecode\Okhttp\Okhttp_parent-4.8.1\samples\slack\src\main\java\okhttp3\slack\SlackApi.java,okhttp3.slack.SlackApi,class,15,6,1,15,0,5,0,5,0,0,0,0,0,0,6,0,3,3,0,0,6,0,0,87,4,0,0,2,0,14,0,17,0,17,1,0,1,0,93,17
C:\Users\tanji\Desktop\SoftwareRemodularization\raw_sourcecode\Okhttp\Okhttp_parent-4.8.1\samples\slack\src\main\java\okhttp3\slack\SlackClient.java,okhttp3.slack.SlackClient,class,7,9,1,10,0,6,1,6,0,0,0,0,0,2,3,0,0,3,0,0,1,0,0,63,0,1,2,0,0,12,1,13,1,13,1,0,0,1,63,17
C:\Users\tanji\Desktop\SoftwareRemodularization\raw_sourcecode\Okhttp\Okhttp_parent-4.8.1\samples\static-server\src\main\java\okhttp3\sample\SampleServer.java,okhttp3.sample.SampleServer,class,8,23,2,40,20,9,2,4,5,0,0,0,0,0,3,0,0,3,0,0,3,0,12,121,15,1,0,2,0,33,5,20,5,19,1,0,0,0,68,1
C:\Users\tanji\Desktop\SoftwareRemodularization\raw_sourcecode\Okhttp\Okhttp_parent-4.8.1\samples\unixdomainsockets\src\main\java\okhttp3\unixdomainsockets\ClientAndServer.java,okhttp3.unixdomainsockets.ClientAndServer,class,7,2,1,18,1,2,1,2,0,0,0,0,0,0,0,0,0,0,0,0,0,0,2,35,0,0,0,1,0,3,0,5,0,5,1,0,0,0,41,1
C:\Users\tanji\Desktop\SoftwareRemodularization\raw_sourcecode\Okhttp\Okhttp_parent-4.8.1\samples\unixdomainsockets\src\main\java\okhttp3\unixdomainsockets\TunnelingUnixSocket.java,okhttp3.unixdomainsockets.TunnelingUnixSocket,class,3,5,2,2,0,5,0,3,0,0,0,0,0,0,2,0,0,2,0,0,1,0,0,32,1,0,0,0,0,0,1,4,0,2,0,0,0,0,43,16
C:\Users\tanji\Desktop\SoftwareRemodularization\raw_sourcecode\Okhttp\Okhttp_parent-4.8.1\samples\unixdomainsockets\src\main\java\okhttp3\unixdomainsockets\UnixDomainServerSocketFactory.java,okhttp3.unixdomainsockets.UnixDomainServerSocketFactory,class,2,5,3,1,10,5,0,5,0,0,0,0,0,0,1,0,0,1,0,0,1,0,0,65,4,0,0,0,0,0,0,1,0,1,0,0,1,0,42,17
C:\Users\tanji\Desktop\SoftwareRemodularization\raw_sourcecode\Okhttp\Okhttp_parent-4.8.1\samples\unixdomainsockets\src\main\java\okhttp3\unixdomainsockets\UnixDomainSocketFactory.java,okhttp3.unixdomainsockets.UnixDomainSocketFactory,class,3,6,2,5,13,6,0,6,0,0,0,0,0,0,1,0,0,1,0,0,1,0,0,36,5,0,0,0,0,0,0,4,0,4,0,0,0,0,29,17
